Time,Download,Upload
2021-12-16 20:22:04.964383,193715715.410104,11430965.548654702
2021-12-16 20:33:09.072448,215806476.68148533,12082094.519648945
2021-12-16 20:43:30.010389,214825385.20865,11343264.684157297
2021-12-16 20:59:38.213567,208974134.81491587,11667508.094836498
2021-12-16 21:00:59.326087,197755101.3473684,11238197.629146513
2021-12-16 21:09:59.128385,191916932.06032607,10110270.492867608
2021-12-16 21:11:20.851001,99503180.2430055,11392881.089099431
2021-12-16 21:20:20.075266,128291438.22316907,11918769.510023685
2021-12-16 21:21:42.055904,180342908.75011873,11840555.849326434
2021-12-16 21:30:40.978919,198147616.4000944,10605003.036927165
2021-12-16 21:32:02.945250,203385915.60410148,11393353.97370399
2021-12-16 21:41:02.821166,206278761.9662011,11786314.981930332
2021-12-16 21:42:23.852318,203859970.0973517,11593105.682231795
2021-12-16 21:51:23.813986,209956735.556789,11633268.34806097
2021-12-16 21:52:44.776318,199419304.8793111,10729950.351181343
2021-12-16 22:01:44.764054,209639909.07529473,11974829.895527424
2021-12-16 22:03:06.625121,197673486.1486179,11962574.337278953
2021-12-16 22:12:05.666528,202638829.52381098,11574628.366992597
2021-12-16 22:13:27.547912,113256162.69850723,11857200.80034981
2021-12-16 22:22:26.622793,205170830.21836546,11747611.356983503
2021-12-16 22:23:56.565317,164081053.45745537,10923802.196707249
2021-12-16 22:32:47.548087,206235240.93518868,11613864.892337784
2021-12-16 22:34:18.173942,202247921.86679688,11045125.611894967
2021-12-16 22:43:08.392334,192086211.42338377,11650315.580082258
2021-12-16 22:44:39.694175,200521266.33539683,10760694.891735421
2021-12-16 22:53:29.404893,208958311.88880837,11008596.003419492
2021-12-16 22:55:01.588253,159509798.16630906,11879888.644479977
2021-12-16 23:03:50.385104,202525058.2197009,11914770.14116408
2021-12-16 23:05:25.704286,211364415.78021356,11496824.967459094
2021-12-16 23:14:11.255627,194880961.38932857,12207743.430749943
2021-12-16 23:15:46.625126,209727410.51453787,11431259.206706349
2021-12-16 23:24:32.155392,211214841.21792927,11365293.727599276
2021-12-16 23:26:08.104331,199729539.72748432,11992105.258764124
2021-12-16 23:34:53.095487,207795454.89272144,11228101.335221706
2021-12-16 23:36:29.033452,213238515.73345876,11407448.292962614
2021-12-16 23:45:14.664333,213458321.42966345,10987433.65977262
2021-12-16 23:46:50.206874,210294203.68885586,11689538.362301385
2021-12-16 23:55:36.150037,211640120.5012275,12030682.952710366
2021-12-16 23:57:11.153735,214363810.20581526,11298606.660352057
2021-12-17 00:05:57.032309,204521431.7887387,11354900.05469348
2021-12-17 00:07:32.598858,211186290.03208646,11968302.66746976
2021-12-17 00:16:17.974260,213485424.72049683,11587801.22115192
2021-12-17 00:17:53.514667,213117548.144684,11506478.210983608
2021-12-17 00:26:38.828754,214315280.57904354,11244927.529435715
2021-12-17 00:28:14.903092,213748676.15061507,11456923.285790497
2021-12-17 00:37:00.200625,211032860.74370497,12076700.760742208
2021-12-17 00:38:36.031463,211340769.62907565,11351403.690177843
2021-12-17 00:47:21.200008,212368111.69401,11694523.276253078
2021-12-17 00:48:57.576298,211519771.47783315,12050211.255048374
2021-12-17 00:57:42.386863,215621185.96577048,11919314.382313186
2021-12-17 00:59:18.567164,215411882.19894123,11625835.75824216
2021-12-17 01:08:03.421441,213892315.4227371,11498656.039169323
2021-12-17 01:09:39.704648,215393880.71011314,11978135.68799285
2021-12-17 01:18:24.744326,215925557.20677513,11045261.49259387
2021-12-17 01:20:00.628303,215045909.78299198,11651974.204158364
2021-12-17 01:28:46.609698,215334005.7906273,11561401.466719648
2021-12-17 01:30:21.550281,215817024.7885241,11720570.970665917
2021-12-17 01:39:08.004490,215526382.00196856,11805164.040839596
2021-12-17 01:40:42.502862,214884781.0967102,11321979.696751252
2021-12-17 01:49:28.924180,214722829.325516,11837297.325064901
2021-12-17 01:51:03.446853,213361039.2470876,11775660.378073161
2021-12-17 01:59:49.914445,216591156.74946207,11747685.53189606
2021-12-17 02:01:24.350053,215414757.38870093,11010155.708192753
2021-12-17 02:10:10.854763,215855110.4760657,11809299.554976061
2021-12-17 02:11:46.388352,215660490.19673064,11323437.287420087
2021-12-17 02:20:31.720326,216136020.49678913,12105188.384728327
2021-12-17 02:22:07.656304,213286784.98842028,11057500.39584827
2021-12-17 02:30:52.624306,214554145.45577505,12135352.353750136
2021-12-17 02:32:29.160309,213580963.3350714,11303707.432482155
2021-12-17 02:41:13.538204,215166213.4642112,11084576.559586205
2021-12-17 02:42:50.134480,215389707.5137205,11925649.80776373
2021-12-17 02:51:35.412089,216844415.2060342,10962759.695237003
2021-12-17 02:53:11.063221,214639273.9514998,10858632.667456884
2021-12-17 03:01:57.080320,214910231.99518868,11045645.548174528
2021-12-17 03:03:32.894927,214295195.86685625,12050108.667144634
2021-12-17 03:12:18.966329,216002106.60897988,11062584.35100272
2021-12-17 03:13:53.760341,217466587.77121297,11771948.009907408
2021-12-17 03:22:40.392314,214956626.52297226,11260726.713065188
2021-12-17 03:24:14.731857,215265392.54913628,12055569.639176037
2021-12-17 03:33:01.958240,215802528.13214165,11627213.127492394
2021-12-17 03:34:35.640320,214855689.2065474,11955206.632701783
2021-12-17 03:43:23.482131,213279410.24672806,11995767.75432476
2021-12-17 03:44:56.456274,216918627.6710897,11797748.801428264
2021-12-17 03:53:44.423200,212553455.30283234,11064246.980170853
2021-12-17 03:55:17.379965,216185353.55714393,11268547.977587767
2021-12-17 04:04:05.897397,215134521.82449546,11564819.952240705
2021-12-17 04:05:38.893050,215285113.73384035,11393109.645062773
2021-12-17 04:14:27.188170,203586443.02586412,11657256.985015273
2021-12-17 04:16:00.072336,201353653.78378215,11563571.947230818
2021-12-17 04:24:48.563926,214286672.41935828,11326951.258901034
2021-12-17 04:26:21.288312,214854529.22114834,10545765.339587606
2021-12-17 04:35:10.048401,212946974.17810753,11332035.15181857
2021-12-17 04:36:42.929754,212981295.72475576,11252368.47257167
2021-12-17 04:45:31.560324,211150557.74211296,12048935.656415354
2021-12-17 04:47:04.648316,207750033.27162188,11725041.603575075
2021-12-17 04:55:52.539976,210305493.69290656,11451795.858705536
2021-12-17 04:57:25.576231,214527199.71667123,12058080.07596416
2021-12-17 05:06:13.946395,216053299.22518328,11086134.82491953
2021-12-17 05:07:46.536292,216226050.54880142,10894376.22097223
2021-12-17 05:16:35.564723,214221790.07785645,12036609.651392864
2021-12-17 05:18:08.544888,214034734.0681637,11965955.731567107
2021-12-17 05:26:56.477722,212024430.49587986,11697622.418550551
2021-12-17 05:28:29.507393,207624381.09498334,11988425.569754817
2021-12-17 05:37:17.419100,209674858.54842,12152703.827672321
2021-12-17 05:38:50.463797,213164981.30177212,12095348.183890069
2021-12-17 05:47:38.314818,210931964.90274337,11558709.855449796
2021-12-17 05:49:11.326664,181889451.7924661,11829854.53497459
2021-12-17 05:57:59.432316,201853478.18911356,11361145.708610797
2021-12-17 05:59:32.310656,203521621.21790174,12216875.14390284
2021-12-17 06:08:20.648304,210937175.06254125,11419219.207906505
2021-12-17 06:09:53.128352,217438650.28253302,11232334.329591189
2021-12-17 06:18:42.120320,213171631.17406267,11845859.49675702
2021-12-17 06:20:14.702673,213746491.87558872,12018296.370570956
2021-12-17 06:29:03.173196,215012384.4216732,11087191.344910195
2021-12-17 06:30:35.642967,215224599.02191615,11565027.493195461
2021-12-17 06:39:24.962441,215591421.78616574,11456918.009980729
2021-12-17 06:40:56.949890,216053552.46147397,12061438.358783524
2021-12-17 06:49:46.516192,215291732.4637313,11436900.034581074
2021-12-17 06:51:17.953174,217548635.64208278,12062349.276820669
2021-12-17 07:00:08.066911,177768874.00876564,10952302.500017287
2021-12-17 07:01:38.824361,176016801.87522465,11091759.814131543
2021-12-17 07:10:29.864330,141159462.95913106,11530924.04175273
2021-12-17 07:12:00.628319,208449271.6422544,11156213.090414656
2021-12-17 07:20:50.787863,205969882.48058462,12090171.181003217
2021-12-17 07:22:22.024320,212179583.50819075,12105141.33685565
2021-12-17 07:31:11.700352,166594416.0106317,11917049.777903637
2021-12-17 07:32:43.006475,201079761.23616707,12245020.448932089
2021-12-17 07:41:32.648319,207403755.6082993,11503957.011122454
2021-12-17 07:43:03.922971,201192916.3491027,11667567.236366674
2021-12-17 07:51:53.576313,192966369.04014486,11478346.988709532
2021-12-17 07:53:24.768331,213192012.0106962,11383997.220399436
2021-12-17 08:02:14.632324,211982707.28425112,11287645.353675118
2021-12-17 08:03:46.320996,216187512.53354752,11887988.8031892
2021-12-17 08:12:36.175077,204806270.03968352,11710019.981166052
2021-12-17 08:14:07.144336,214240681.6587696,11523811.679225
2021-12-17 08:22:57.156418,208381459.64260647,11795201.46848874
2021-12-17 08:24:28.402213,210251094.85387707,11393346.859292153
2021-12-17 08:33:18.060951,215108659.97299954,11744583.24536265
2021-12-17 08:34:49.370631,216207654.0397257,12009326.987526733
2021-12-17 08:43:39.247776,214436463.6163814,11449856.162432969
2021-12-17 08:45:10.341594,216594463.50267655,10978419.3267412
2021-12-17 08:54:00.744311,215688540.63832483,11338548.32085621
2021-12-17 08:55:31.885262,213634499.61717907,11744162.846318813
2021-12-17 09:04:21.589486,215202609.58483094,11477148.769261334
2021-12-17 09:05:52.904340,217099326.2961659,11200845.977114681
2021-12-17 09:14:43.073780,215706697.0676602,11572727.393885037
2021-12-17 09:16:14.399011,214958563.70300233,12110397.76550604
2021-12-17 09:25:04.104328,216771666.51194516,11613420.171408935
2021-12-17 09:26:35.383839,214291487.52122065,11957461.142864749
2021-12-17 09:35:24.982610,214494477.1430181,12056167.837930184
2021-12-17 09:36:56.321977,125955356.04945402,11096159.564348206
2021-12-17 09:45:45.959905,147290496.92879617,11529353.372709716
2021-12-17 09:47:18.012395,204896610.45013487,11648514.66395669
2021-12-17 09:56:07.462459,208668144.75551552,11121550.799513703
2021-12-17 09:57:38.920365,212846104.03656352,11653101.722106466
2021-12-17 10:06:29.315525,213860953.16655916,12021167.99174895
2021-12-17 10:08:00.150286,213731288.4460861,11045296.400814261
2021-12-17 10:16:50.264544,213744148.01673228,12050081.469162524
2021-12-17 10:18:22.041577,214844483.66108695,11442562.706119513
2021-12-17 10:27:11.175062,214540947.93927297,12047365.832206845
2021-12-17 10:28:43.624309,214925478.17771685,11851914.867758393
2021-12-17 10:37:32.098588,214746445.78483596,11660486.798787119
2021-12-17 10:39:04.488315,214254753.22765005,11584534.982183417
2021-12-17 10:47:53.384301,213494120.9930818,11633240.507879874
2021-12-17 10:49:25.911541,212979928.48052293,12158410.02883536
2021-12-17 10:58:14.609270,213766884.81724715,10798562.895242922
2021-12-17 10:59:46.856531,214282293.02550235,11379137.477610413
2021-12-17 11:08:36.636256,215289163.54484704,12054458.848911341
2021-12-17 11:10:08.620403,213941502.5972399,11386530.089124069
2021-12-17 11:18:57.576329,213919635.86460108,10821297.93966187
2021-12-17 11:20:30.216335,215444571.65699905,11984037.760654105
2021-12-17 11:29:19.507700,213903148.01861003,12206399.944695586
2021-12-17 11:30:51.196859,215229816.86169,11264688.547380224
2021-12-17 11:39:40.381421,216251325.56480506,11716062.244666375
2021-12-17 11:41:12.842240,215188321.5699016,11561959.048354095
2021-12-17 11:50:01.305316,209634797.0717506,11803698.458291648
2021-12-17 11:51:33.979243,211811696.63636082,11681866.411070531
2021-12-17 12:00:22.259978,214821404.50275955,11164466.936710704
2021-12-17 12:01:54.924810,214599659.64498562,11033589.396856505
2021-12-17 12:10:43.871389,215535570.0165261,12053302.312606946
2021-12-17 12:12:16.550733,214026841.84124297,12015959.555360738
2021-12-17 12:21:04.779696,215415830.0711302,11944319.25886627
2021-12-17 12:22:37.352317,214547240.30755064,11604678.430947967
2021-12-17 12:31:25.630617,215664144.57187217,12002673.096078709
2021-12-17 12:32:58.632307,216830347.5780678,11509367.807564398
2021-12-17 12:41:46.543512,215739757.85706317,11486994.049298745
2021-12-17 12:43:19.863073,215652899.3938599,11863028.616280116
2021-12-17 12:52:07.966331,214002388.8887593,11960150.770095075
2021-12-17 12:53:40.855518,214254488.25276446,11244013.20460158
2021-12-17 13:02:28.833111,216024596.69165474,12054443.696476327
2021-12-17 13:04:02.312303,213290858.99694273,11897037.405623013
2021-12-17 13:12:49.656433,216040415.7294724,11571582.743354527
2021-12-17 13:14:23.305783,214360200.23023736,10965289.583426028
2021-12-17 13:23:10.914230,213227697.20548168,12038561.246577721
2021-12-17 13:24:44.909770,213054943.8485415,11352884.525595715
2021-12-17 13:33:31.815166,206651881.9803742,11572290.039100392
2021-12-17 13:35:06.462104,213621057.05954075,11817239.523846548
2021-12-17 13:43:52.680421,216064441.24689397,11467112.461934997
2021-12-17 13:45:27.415896,214609441.74810922,11988317.356287152
2021-12-17 13:54:14.160355,179384557.6019067,11727599.633026643
2021-12-17 13:55:48.360700,210826033.93294027,11777634.054767182
2021-12-17 14:04:35.235267,212210172.86643204,11376875.996578922
2021-12-17 14:06:09.327209,211609271.89589193,12098769.593126029
2021-12-17 14:14:56.328294,210869418.52677238,11301410.269003516
2021-12-17 14:16:30.284284,213010204.50860137,10913209.046935868
2021-12-17 14:25:17.936142,213299388.61131167,11917958.30505665
2021-12-17 14:26:52.021548,215876931.6898007,11112925.987027608
2021-12-17 14:35:38.856316,215009000.82990167,11245346.680204343
2021-12-17 14:37:13.852221,215852672.11702314,11162061.4503617
2021-12-17 14:46:00.420562,214147185.05219907,11880942.146594474
2021-12-17 14:47:35.420396,216569067.43196696,12075817.064890537
2021-12-17 14:56:21.277530,216402741.7879311,11674598.519952811
2021-12-17 14:57:56.353852,213680002.70937917,11364081.1795633
2021-12-17 15:06:42.518506,214798359.87846392,11274530.933753144
2021-12-17 15:08:17.884362,214583710.7742764,11978005.308440926
2021-12-17 15:17:04.104321,215414126.71152478,11549473.740327286
2021-12-17 15:18:38.816321,212757495.92785957,12208736.818171877
2021-12-17 15:27:25.001121,216065113.42151082,11517320.210391767
2021-12-17 15:28:59.744718,212037953.61737218,11823349.075020986
2021-12-17 15:37:45.998319,213733053.7255773,11925875.555069203
2021-12-17 15:39:20.840030,213659498.30424398,11393456.813811524
2021-12-17 15:48:06.917916,212940308.0408208,12083166.364334285
2021-12-17 15:49:42.358189,212078650.44930807,11543675.31894826
2021-12-17 15:58:27.784297,209062350.23321328,12019754.245158087
2021-12-17 16:00:03.746403,215172154.42154688,11863729.020487133
2021-12-17 16:08:48.624313,210092256.58228338,4967058.15780983
2021-12-17 16:10:24.648362,390359.57253564376,1665748.5662695218
2021-12-17 16:19:16.297252,213166881.8145037,10988634.885453725
2021-12-17 16:20:45.558162,208320489.48859358,11902363.080124168
2021-12-17 16:29:37.784907,210684602.52972817,11215293.650452372
2021-12-17 16:31:06.376288,209632718.6877024,11281760.368667962
2021-12-17 16:39:59.143561,213246129.01647398,11871965.413745057
2021-12-17 16:41:27.964312,214329164.97456738,11882948.504496615
2021-12-17 16:50:20.017067,214401519.40846252,11092280.814706556
2021-12-17 16:51:48.880652,212982465.4394655,11949207.31001118
2021-12-17 17:00:41.560571,214820729.32873255,12064067.94174607
2021-12-17 17:02:09.798335,210206774.9677006,11134468.295156004
2021-12-17 17:11:02.540960,213380906.84815645,12070585.09669781
2021-12-17 17:12:31.373761,205536912.14042845,11066783.277472634
2021-12-17 17:21:23.400323,187371135.95913672,11062972.308314126
2021-12-17 17:22:53.272268,158615576.31454462,12138630.84555502
2021-12-17 17:31:44.762008,197945326.78019866,11692994.958252743
2021-12-17 17:33:14.056328,205121629.21975636,11399522.307096973
2021-12-17 17:42:05.640298,208952703.1463429,11562435.15493408
2021-12-17 17:43:35.089759,212894396.1436595,10913730.617455423
2021-12-17 17:52:26.584320,208824485.6040477,11596774.004097102
2021-12-17 17:53:56.565586,135110444.98428982,11126101.147265099
2021-12-17 18:02:47.507805,197661160.18959668,11708812.404458359
2021-12-17 18:04:17.632665,185054143.93740082,11187929.018819133
2021-12-17 18:13:08.424316,145229619.6562611,11765357.03441779
2021-12-17 18:14:39.074917,138444360.91690305,11451310.253468292
2021-12-17 18:23:29.301839,199961584.66063637,11461218.653338544
2021-12-17 18:25:00.345801,204070987.20653012,12005569.797177419
2021-12-17 18:33:50.198547,211727408.53229615,11584142.131103138
2021-12-17 18:35:21.160301,208477848.51342306,11502014.497164063
2021-12-17 18:44:11.043136,190387613.5387983,11144140.893879393
2021-12-17 18:45:42.248302,188903735.20747533,11427775.347188534
2021-12-17 18:54:31.944307,206266493.2264039,11571971.033282945
2021-12-17 18:56:03.124304,209057323.579082,11684019.651349753
2021-12-17 19:04:53.217215,150064695.28617805,11899503.860560847
2021-12-17 19:06:24.270370,202708857.19286913,11551057.51173743
2021-12-17 19:15:14.140283,190414629.6345479,11171659.201555844
2021-12-17 19:16:45.188734,190096112.30586284,10367116.663368218
2021-12-17 19:25:35.014385,186710227.5409863,11466349.49639068
2021-12-17 19:27:06.831108,187569886.53741208,11013508.88518844
2021-12-17 19:35:55.912362,211828439.05285066,12061638.077077067
2021-12-17 19:37:27.704413,209491520.39675245,11190016.35236437
2021-12-17 19:46:16.808270,205334745.4270061,11245857.734201578
2021-12-17 19:47:49.435229,210727338.8254439,11960311.947171519
2021-12-17 19:56:38.371470,212303806.1040151,12001979.899573037
2021-12-17 19:58:10.408320,212174082.0313026,11616589.059264153
2021-12-17 20:06:59.208253,159111571.84235147,11093085.12944385
2021-12-17 20:08:31.584306,145022778.98189676,11604913.978910478
2021-12-17 20:17:20.943390,115814171.6127719,11130631.208566124
2021-12-17 20:18:52.489635,148785500.0385055,11676843.86571007
2021-12-17 20:27:41.768300,86197439.03181984,2499952.834987674
2021-12-17 20:29:13.391892,3083244.9027495473,10762319.327813765
2021-12-17 20:38:10.805179,192095683.61673516,10480989.694534194
2021-12-17 20:39:34.976314,197674714.12077057,10293377.552450791
2021-12-17 20:48:32.628325,183057168.42641604,10346172.328574108
2021-12-17 20:49:56.378414,202468114.20189986,11015695.829283075
2021-12-17 20:58:54.340602,198532222.55697107,10507654.119443342
2021-12-17 21:00:17.238756,188518205.80479437,10765532.44042243
2021-12-17 21:09:16.381592,211883754.19051623,11890811.921674572
2021-12-17 21:10:38.408317,211843981.63893273,11814639.548898967
2021-12-17 21:19:37.256328,210206318.96607885,11952752.32222844
2021-12-17 21:20:59.279150,210074909.89731026,11333388.065704504
2021-12-17 21:29:58.166712,215337479.35503367,10909155.352641998
2021-12-17 21:31:20.628308,195621167.59532788,11003825.844807662
2021-12-17 21:40:20.254505,196989395.65824282,11071102.64797961
2021-12-17 21:41:41.691151,111538058.99953462,11030551.998324886
2021-12-17 21:50:41.480304,202327963.55211222,11396177.215933986
2021-12-17 21:52:05.576333,203652692.73181117,11662125.636082746
2021-12-17 22:01:02.437153,206803355.5261588,11299827.644449
2021-12-17 22:02:26.664299,208683810.84589484,10642599.945410399
2021-12-17 22:11:23.918597,208402176.82902646,11724313.705543293
2021-12-17 22:12:48.306892,206486642.29361573,11945276.04552146
2021-12-17 22:21:45.224314,202640579.48685706,10499372.941577548
2021-12-17 22:23:09.096322,208575672.594218,12093585.764590578
2021-12-17 22:32:07.098591,203545136.9649691,11434399.336513786
2021-12-17 22:33:30.032402,213555303.99677786,11591368.426492501
2021-12-17 22:42:28.456319,212709913.2511293,12157811.775209948
2021-12-17 22:43:50.968040,213520434.76495537,12304361.824869707
2021-12-17 22:52:49.354783,208113263.87179565,11570174.205934683
2021-12-17 22:54:11.833129,207888160.3547874,12084347.292850059
2021-12-17 23:03:10.448323,204658179.98454738,12183150.621021327
2021-12-17 23:04:32.798602,203886387.02896634,12080874.563198227
2021-12-17 23:13:31.328043,206065016.66040173,11076295.01276997
2021-12-17 23:14:53.576294,212307117.8940957,12150955.859544983
2021-12-17 23:23:53.056315,209300362.00138605,11096195.096201278
2021-12-17 23:25:14.503176,208778997.56350535,11864964.57475252
2021-12-17 23:34:14.624486,209744066.19281447,11657732.483525228
2021-12-17 23:35:35.425605,215399582.37980968,11184383.621919107
2021-12-17 23:44:35.561314,211191137.8455147,12074681.54728241
2021-12-17 23:45:56.808306,214192412.84448278,11049396.800982775
2021-12-17 23:54:56.485531,210008086.46865338,12160160.92312371
2021-12-17 23:56:18.408303,214175880.8806117,12011982.73301243
2021-12-18 00:05:17.373655,215805902.5253642,12112905.178941399
2021-12-18 00:06:39.336315,213017857.38944885,11396823.586378362
2021-12-18 00:15:38.262849,217078521.93513006,11698766.037543088
2021-12-18 00:17:00.740323,212918461.85823894,12073469.804684136
2021-12-18 00:25:59.080306,214274411.00945702,11464568.3632444
2021-12-18 00:27:21.665216,213482270.22525534,11858755.210593835
2021-12-18 00:36:20.053989,214221375.17065325,11965231.34827724
2021-12-18 00:37:42.888448,212132118.13254827,10982844.54377958
2021-12-18 00:46:41.007438,213679562.9320857,12188631.692919381
2021-12-18 00:48:04.598480,213470211.6873031,11249209.720998231
2021-12-18 00:57:01.925012,214393911.59029436,10850084.966042837
2021-12-18 00:58:25.818367,212338359.1843747,12028031.229919605
2021-12-18 01:07:23.946951,212710466.33703026,10402477.518486885
2021-12-18 01:08:46.636355,213702469.43438977,11486077.77937735
2021-12-18 01:17:45.815702,215250481.67875928,12118935.133818522
2021-12-18 01:19:07.984886,215192210.66231614,11096328.699406069
2021-12-18 01:28:06.703455,213389534.77251562,11723603.014495822
2021-12-18 01:29:29.448320,214614012.2265802,11149785.593432978
2021-12-18 01:38:27.565001,213791554.03682896,11134009.070810614
2021-12-18 01:39:50.910116,209461911.97352335,11436751.06229493
2021-12-18 01:48:49.108551,213154478.06689548,12255080.941404661
2021-12-18 01:50:12.290409,211510040.0237101,11804465.078719368
2021-12-18 01:59:09.960315,213384033.9848536,12118334.964914469
2021-12-18 02:00:33.263689,208123445.87075225,11554840.964407474
2021-12-18 02:09:30.848936,208574396.3637982,12031982.55712844
2021-12-18 02:10:54.143946,211827118.20265344,11623764.548482837
2021-12-18 02:19:51.747764,215022773.38922882,11582940.420426933
2021-12-18 02:21:15.042425,212827091.65269044,12071536.998911357
2021-12-18 02:30:12.624329,214895339.3351468,10928265.782138417
2021-12-18 02:31:35.915133,215293321.5370377,11553429.269259848
2021-12-18 02:40:34.579593,213650975.18583757,11900769.90772371
2021-12-18 02:41:57.224314,214041159.75663912,11966193.20895361
2021-12-18 02:50:55.444541,213210959.15285984,11237617.430173699
2021-12-18 02:52:18.152310,213281369.9276661,11920629.314185115
2021-12-18 03:01:16.648340,216703845.7405995,11833027.90126715
2021-12-18 03:02:39.024505,214419042.36436397,11852322.02773527
2021-12-18 03:11:37.541201,213802448.59223562,11546247.357173394
2021-12-18 03:12:59.880299,215005101.05211422,12038407.3032116
2021-12-18 03:21:58.398044,216275738.75621784,11483357.24318256
2021-12-18 03:23:20.755747,214998471.83399284,11031782.308646027
2021-12-18 03:32:19.848346,214528993.32415804,11966687.27355932
2021-12-18 03:33:42.413184,215842999.74944857,11940103.765807062
2021-12-18 03:42:40.772244,214986667.5946322,11952595.335524773
2021-12-18 03:44:03.274778,216183663.77452976,12038634.012960909
2021-12-18 03:53:01.736043,215191332.2571003,11376384.610896735
2021-12-18 03:54:24.211451,216786661.58917707,10644747.079538025
2021-12-18 04:03:23.117647,214957318.32274434,11376341.818423003
2021-12-18 04:04:46.146582,214941661.1744006,12116156.189668095
2021-12-18 04:13:44.552320,211105498.62875232,11911951.168019366
2021-12-18 04:15:07.082805,157276753.31996006,11953956.943700813
2021-12-18 04:24:05.546607,157753204.2647873,11029780.971166195
2021-12-18 04:25:28.010842,195914002.76810655,10986596.75255569
2021-12-18 04:34:27.368304,207514322.47019273,11755423.218255335
2021-12-18 04:35:49.557999,213276096.02707794,11537109.324201245
2021-12-18 04:44:48.288483,214621195.43865603,12206250.79263928
2021-12-18 04:46:10.504328,212461068.8105648,11543476.154183235
2021-12-18 04:55:09.217091,215591448.3521742,11792882.483489398
2021-12-18 04:56:31.608602,215420848.03551492,12055182.761418916
2021-12-18 05:05:30.092330,214742606.93318477,11647434.981405543
2021-12-18 05:06:52.488297,212250166.06278342,11758567.656438645
2021-12-18 05:15:51.002537,214816798.60659245,11993118.882348847
2021-12-18 05:17:13.352377,215897015.6431776,12075820.740770347
2021-12-18 05:26:11.885183,216502286.68723506,11765332.208984664
2021-12-18 05:27:34.329930,216294047.2366905,12117592.482688678
2021-12-18 05:36:32.680355,212974655.8054619,11852224.952558866
2021-12-18 05:37:55.240335,213588381.08607948,10793168.333854433
2021-12-18 05:46:53.768286,216227543.11526775,11819310.262341827
2021-12-18 05:48:16.815510,214410556.11781493,11943048.671021072
2021-12-18 05:57:14.624724,213801165.09109494,12003179.010694845
2021-12-18 05:58:37.736318,209251541.8011492,11973421.079429558
2021-12-18 06:07:35.516866,214777526.5269884,11264948.777618747
2021-12-18 06:08:58.618161,208409223.04457378,11221916.212561928
2021-12-18 06:17:57.107931,213601413.53965935,11705739.771751028
2021-12-18 06:19:20.028486,214679421.84997252,11902383.423723793
2021-12-18 06:28:17.960311,215111824.0240849,12137256.054259177
2021-12-18 06:29:40.914331,214258886.84721416,12076219.323415434
2021-12-18 06:38:38.822236,212899786.79043472,11110423.873541066
2021-12-18 06:40:01.805730,212989551.89396897,11150422.593540808
2021-12-18 06:49:00.525834,210716602.0560107,11861026.605017059
2021-12-18 06:50:23.262443,212644101.19409272,11445327.605661994
2021-12-18 06:59:21.453310,214686712.05949742,11706931.464583552
2021-12-18 07:00:44.624319,213635934.2117123,12155122.365435919
2021-12-18 07:09:42.501388,214308123.02191108,12059311.237417169
2021-12-18 07:11:05.432321,153142727.6075624,11825538.043426262
2021-12-18 07:20:03.447280,201372679.09093535,11327008.89575514
2021-12-18 07:21:26.339845,204474761.98448795,11395778.345257577
2021-12-18 07:30:24.912796,216907692.50467548,11543982.72110622
2021-12-18 07:31:47.834480,213176876.34067103,11426504.384858463
2021-12-18 07:40:45.961757,214882882.08242357,11773491.846870137
2021-12-18 07:42:09.338542,212427389.63571653,11149197.137294691
2021-12-18 07:51:06.887350,214381576.79491574,11866933.979262521
2021-12-18 07:52:30.888363,213456616.39698318,11124221.529362142
2021-12-18 08:01:27.720311,195742947.15172738,11378744.02094441
2021-12-18 08:02:52.488775,191082116.12313125,11533404.280681012
2021-12-18 08:11:48.581695,200538334.3095511,10862139.65478509
2021-12-18 08:13:13.338622,186902816.1994055,11404291.958518358
2021-12-18 08:22:09.576313,191566214.28767046,11594487.780175392
2021-12-18 08:23:34.230800,209337366.8178596,11922104.701751495
2021-12-18 08:32:30.496368,199607769.07279235,11397725.84867662
2021-12-18 08:33:55.046161,191279193.2345031,10931401.038405772
2021-12-18 08:42:51.935475,197559068.3128218,10748089.477492802
2021-12-18 08:44:15.919692,190999367.25850195,11085033.830533609
2021-12-18 08:53:13.262260,213446457.89469612,11929858.536104469
2021-12-18 08:54:37.004971,214640003.80262905,11735206.792286303
2021-12-18 09:03:34.120365,213338458.76707035,12002947.5876908
2021-12-18 09:04:57.888613,213065086.4057809,11112842.049612736
2021-12-18 09:13:54.986810,208453878.4728087,11890958.301163867
2021-12-18 09:15:19.565651,214305983.68728015,11305368.248652339
2021-12-18 09:24:15.976308,213046862.06362364,10675779.53461504
2021-12-18 09:25:40.936308,215283287.80554268,10649554.342549574
2021-12-18 09:34:37.674862,214030141.21067405,10889597.567102464
2021-12-18 09:36:02.786414,212134527.94928452,12008526.996841019
2021-12-18 09:44:59.892415,217159706.31384388,11205627.15603675
2021-12-18 09:46:23.560323,214679544.49600524,11387011.900937745
2021-12-18 09:55:21.422908,216761104.83402756,11631249.149769578
2021-12-18 09:56:44.648351,214961959.42859805,11625925.287178772
2021-12-18 10:05:42.378549,214030892.7055666,11772922.716818258
2021-12-18 10:07:05.448351,214786914.30727625,11227095.666944623
2021-12-18 10:16:03.432007,215160639.81497484,11548571.148026515
2021-12-18 10:17:26.623196,215806234.728226,12041254.385702664
2021-12-18 10:26:24.872340,212901935.05885115,11980002.478906786
2021-12-18 10:27:47.569059,214058506.7816765,11248574.7815489
2021-12-18 10:36:45.768292,214557957.58179155,11704550.854077611
2021-12-18 10:38:09.345667,213889807.12161276,11997700.702319866
2021-12-18 10:47:06.772397,217461364.4370509,11892502.986903321
2021-12-18 10:48:30.349922,215007539.82964644,11794209.176639626
2021-12-18 10:57:27.622706,194033668.35139284,10025291.106161963
2021-12-18 10:58:51.504676,190401733.08228505,10937056.425145434
2021-12-18 11:07:49.866644,214685302.79195452,11900704.367771761
2021-12-18 11:09:12.514290,216311564.61336792,12046591.009145461
2021-12-18 11:18:10.831461,215182084.8556416,11571639.371466497
2021-12-18 11:19:33.416318,214472800.2131994,11589374.073714297
2021-12-18 11:28:31.701169,138267934.60860002,12110722.499307385
2021-12-18 11:29:54.664319,208880784.14097568,11481127.134740528
2021-12-18 11:38:58.286364,214899786.51148957,12092106.555967439
2021-12-18 11:40:16.329430,188865743.57770276,10855245.024421684
2021-12-18 11:49:19.282479,182492131.4613652,12107539.860134112
2021-12-18 11:50:38.126498,161712652.0717801,12083297.547065126
2021-12-18 11:59:40.196596,199026342.33368218,10736232.950396843
2021-12-18 12:00:59.057838,209536739.78426123,11484455.992855998
2021-12-18 12:10:02.104362,213939619.34545952,12273941.392914135
2021-12-18 12:11:20.361943,213664925.3077329,11441326.063696753
2021-12-18 12:20:23.006131,214985656.77905354,11225495.359683208
2021-12-18 12:21:41.448311,206105665.82985708,11818184.113654882
2021-12-18 12:30:44.628320,214059972.74717078,11615970.263852468
2021-12-18 12:32:02.408316,213630030.4632815,12170610.644819867
2021-12-18 12:41:05.448358,215946245.93018603,11549729.45762706
2021-12-18 12:42:23.256029,214321104.13472217,11997006.929985974
2021-12-18 12:51:26.408291,214674307.94087633,10683145.542896595
2021-12-18 12:52:44.195471,214788216.8348948,11442285.632573796
2021-12-18 13:01:48.556200,213394201.95174557,12127028.541716177
2021-12-18 13:03:05.000311,212950729.8249187,11703739.38386235
2021-12-18 13:12:09.448392,215519027.4718837,12029484.410211736
2021-12-18 13:13:25.925050,215919998.66432092,11308066.915840123
2021-12-18 13:22:30.338827,200979701.79931003,12146784.852156585
2021-12-18 13:23:47.304329,210078513.41204026,12075513.640841164
2021-12-18 13:32:51.281378,205772469.4762894,11109675.74409153
2021-12-18 13:34:08.216139,212471204.47299778,11212045.112528272
2021-12-18 13:43:12.624363,104491874.38721119,11948333.1150271
2021-12-18 13:44:29.848313,146169320.48953784,11504201.21513438
2021-12-18 13:53:33.555895,201690900.48070514,12068635.921043376
2021-12-18 13:54:50.632332,211676955.01444447,11607936.683728104
2021-12-18 14:03:54.466592,208509602.07625896,12089129.812489972
2021-12-18 14:05:11.811269,209551664.69704664,11031054.378040094
2021-12-18 14:14:15.367668,207393896.55857775,11999119.74658397
2021-12-18 14:15:33.618781,209553667.62396526,11673215.267369945
2021-12-18 14:24:36.344930,215591371.37614286,11588337.677305117
2021-12-18 14:25:54.676294,212893022.1688611,11974124.030469794
2021-12-18 14:34:57.608295,215235556.99908963,11924290.344735852
2021-12-18 14:36:15.490874,211779046.5294192,11456337.087537996
2021-12-18 14:45:18.515340,216900588.83582622,12232509.197560435
2021-12-18 14:46:36.741927,216314656.8223755,12060434.003992809
2021-12-18 14:55:39.372723,206388025.3808346,11201526.905753652
2021-12-18 14:56:57.576303,215511329.55020407,11359423.200005744
2021-12-18 15:06:00.872734,215102703.12974113,11182622.352000725
2021-12-18 15:07:19.216293,214963437.45620066,12159024.016227147
2021-12-18 15:16:22.585029,214902912.52768564,11238255.284851156
2021-12-18 15:17:40.082734,215254901.89120552,11618055.664928876
2021-12-18 15:26:43.872742,207173620.84931684,11708564.368767478
2021-12-18 15:28:01.288296,209077946.3366606,11658807.26582481
2021-12-18 15:37:04.863666,194628128.2688359,11409471.265847743
2021-12-18 15:38:22.442197,207516440.9142843,11091922.392762655
2021-12-18 15:47:26.122843,163271979.4798842,12128757.570861995
2021-12-18 15:48:44.028164,208519593.5694396,11630391.904396778
2021-12-18 15:57:46.997176,214049777.77967945,11216338.658201762
2021-12-18 15:59:04.936656,211157339.07655665,11878195.778490061
2021-12-18 16:08:08.424376,208453967.72230336,12031136.290081687
2021-12-18 16:09:25.796768,214667369.92432922,11842479.577915404
2021-12-18 16:18:29.283953,193135107.42567486,10981727.596512465
2021-12-18 16:19:46.625271,186106363.85557264,11990427.814769853
2021-12-18 16:28:50.996125,211830730.41384134,11297318.490258906
2021-12-18 16:30:07.496322,210640457.18493065,12136172.319786496
2021-12-18 16:39:12.490691,213288092.40942833,11174363.191142881
2021-12-18 16:40:28.392319,212353225.68841687,11087722.291319873
2021-12-18 16:49:33.448335,201283470.35044453,12004988.334267875
2021-12-18 16:50:49.949633,201442964.6322102,11886615.558056368
2021-12-18 16:59:54.216313,202510098.31578863,11785434.405085607
2021-12-18 17:01:10.824243,212785195.2226892,12038706.285340682
2021-12-18 17:10:15.048960,214201904.35637417,11184204.388748249
2021-12-18 17:11:31.656321,210949695.1725303,11724241.63299062
2021-12-18 17:20:36.584302,215428507.44696134,11996965.980835581
2021-12-18 17:21:52.456314,214439271.69107443,11673514.177212643
2021-12-18 17:30:57.384302,213918424.4040523,11136500.641840857
2021-12-18 17:32:13.672325,213870117.06800625,11905022.716602216
2021-12-18 17:41:19.124983,208725265.80097574,11102437.79273404
2021-12-18 17:42:34.625116,202691298.79099432,11571905.237087093
2021-12-18 17:51:40.831190,203183852.8787614,11699462.42445495
2021-12-18 17:52:55.505717,195382750.99808833,12123629.041048778
2021-12-18 18:02:01.963471,211590588.66257858,12070664.302890958
2021-12-18 18:03:16.328304,212894395.84000272,12071909.951230014
2021-12-18 18:12:22.828323,214210848.21732318,12135571.887929082
2021-12-18 18:13:37.160323,215122689.208246,12155687.337146891
2021-12-18 18:22:43.724091,214257352.89957133,11723316.543523986
2021-12-18 18:23:58.054422,215638489.0969288,11509445.448935324
2021-12-18 18:33:04.574691,209129676.10772178,11861878.556780137
2021-12-18 18:34:18.991073,209582230.9158293,11111984.27771741
2021-12-18 18:43:25.498291,214183078.5312294,11271336.29953615
2021-12-18 18:44:40.565807,215936572.9853092,11611267.13077007
2021-12-18 18:53:46.988259,213937640.90378326,11018469.252754856
2021-12-18 18:55:01.872716,209183224.25743908,10941634.709434152
2021-12-18 19:04:08.834258,212432305.676318,10796516.988956457
2021-12-18 19:05:23.790082,205706642.9616649,11739108.436812334
2021-12-18 19:14:30.824333,196226583.939673,11601107.125543544
2021-12-18 19:15:45.034365,215568907.67204836,11312967.257003669
2021-12-18 19:24:52.063930,209701950.07106674,11560406.711706286
2021-12-18 19:26:06.507685,207087083.28120378,12047370.137210375
2021-12-18 19:35:13.352321,212519497.87863523,11879388.406332701
2021-12-18 19:36:27.368310,195974622.55563673,11984568.473725041
2021-12-18 19:45:34.288690,215768223.1552286,11989862.908558227
2021-12-18 19:46:48.216559,215943775.26670438,11281159.302684544
2021-12-18 19:55:55.092247,213528074.29860175,11916572.369260153
2021-12-18 19:57:09.654227,210769350.6976293,11944210.334449138
2021-12-18 20:06:15.872318,205010029.88707772,11083560.102534352
2021-12-18 20:07:30.530690,211060999.67739838,11611396.403050808
2021-12-18 20:16:37.872737,208256511.8075388,11750770.058450025
2021-12-18 20:17:51.720315,167317861.48833665,11300261.884615924
2021-12-18 20:26:58.784469,213304710.51881137,11626115.255267624
2021-12-18 20:28:13.349984,208122645.1926105,11751083.382584337
2021-12-18 20:37:20.072312,210635766.01204956,11778978.661370581
2021-12-18 20:38:34.261544,214500724.84441185,11230269.361628784
2021-12-18 20:47:40.872726,213426887.09163567,11507351.87668428
2021-12-18 20:48:55.883105,216620917.2409943,12128844.171316726
2021-12-18 20:58:02.408307,213610703.34677294,11214975.094876954
2021-12-18 20:59:16.744352,211147698.42447665,12080597.502985422
2021-12-18 21:08:24.109343,214486348.6540636,11842093.1347723
2021-12-18 21:09:37.641566,213560746.9400939,11133144.562111435
2021-12-18 21:18:45.061621,214314774.39713916,11597851.355570365
2021-12-18 21:19:59.344785,211954148.04400718,11658194.17109862
2021-12-18 21:29:06.410611,211523866.10522315,11848836.726615809
2021-12-18 21:30:20.456324,194657192.35002512,11226248.602447966
2021-12-18 21:39:27.360597,209673490.74921033,11919741.002676418
2021-12-18 21:40:41.448347,212965525.8138626,11147994.097156633
2021-12-18 21:49:48.219713,214977342.4616927,12299568.548155673
2021-12-18 21:51:02.920358,213747318.0388202,12140996.1565505
2021-12-18 22:00:09.122728,206450224.7880637,11377523.583127327
2021-12-18 22:01:23.789317,209315772.24546215,11469877.221876908
2021-12-18 22:10:30.097697,215359380.28200516,11431683.55087767
2021-12-18 22:11:45.097231,214340373.9542472,12119909.749849327
2021-12-18 22:20:50.946462,214207616.62078115,11951264.00406804
2021-12-18 22:22:06.002423,212229679.41806528,12181135.818429712
2021-12-18 22:31:11.859995,216238210.4284533,11145195.907972978
2021-12-18 22:32:26.856314,213425726.89642552,11840282.6967579
2021-12-18 22:41:33.552266,213925582.01653504,12201750.290256826
2021-12-18 22:42:47.688317,215003359.4436013,12032464.983538054
2021-12-18 22:51:54.364342,212322053.28105024,11757439.99500455
2021-12-18 22:53:08.565052,215122078.0109489,12133491.506873515
2021-12-18 23:02:15.272324,216384967.95897102,11947389.817269374
2021-12-18 23:03:29.448370,215562459.12001836,11882736.626942549
2021-12-18 23:12:36.122698,215238087.91179425,11309530.257026354
2021-12-18 23:13:50.324289,214592304.3333528,11800971.491811922
2021-12-18 23:22:57.809642,213403696.53207973,12191674.93019176
2021-12-18 23:24:11.210965,218047408.90743914,12105617.454801777
2021-12-18 23:33:18.752873,214592105.7428202,11829532.369459024
2021-12-18 23:34:32.143631,215416364.47019538,12200755.43544497
2021-12-18 23:43:39.685100,216808005.59344006,11863431.449444992
2021-12-18 23:44:53.025095,215649969.03246456,11566105.715975909
2021-12-18 23:54:00.512415,215231090.88835365,11834164.388020052
2021-12-18 23:55:14.248334,214478243.98965457,11795351.871866394
2021-12-19 00:04:21.372669,214423515.5087752,10954149.463574111
2021-12-19 00:05:35.154030,210975847.36320856,11183807.688833391
2021-12-19 00:14:43.035089,213614393.05467892,11830715.476173904
2021-12-19 00:15:56.245997,216096996.71646747,11537724.782318266
2021-12-19 00:25:03.987427,214585360.89143267,11590433.234207593
2021-12-19 00:26:17.613188,213777019.5692463,12091100.845833603
2021-12-19 00:35:24.916800,216673477.50351936,11461487.34783456
2021-12-19 00:36:38.503682,215732382.49176726,11681880.721495807
2021-12-19 00:45:46.339930,215590438.8683304,11962936.502195742
2021-12-19 00:46:59.590202,215928638.17305827,12000365.993165972
2021-12-19 00:56:07.256977,215453928.4291874,11129269.055927593
2021-12-19 00:57:20.442664,213830153.92309284,11737349.794568365
2021-12-19 01:06:28.955028,213914004.63501146,11733312.639620032
2021-12-19 01:07:41.672318,216008909.60678944,11775224.708314354
2021-12-19 01:16:49.859567,214384522.13724306,11686277.563427074
2021-12-19 01:18:02.560278,216096270.27024478,12156007.437466389
2021-12-19 01:27:10.726196,216368112.87599248,12056080.83824331
2021-12-19 01:28:23.372729,214625446.2756747,11968514.658044063
2021-12-19 01:37:31.560316,214506254.0981309,12007897.118698405
2021-12-19 01:38:44.330109,215669174.94001085,11813300.395369645
2021-12-19 01:47:52.569523,214002714.38563758,11479875.837929973
2021-12-19 01:49:05.256313,215209404.0815534,11265621.877749365
2021-12-19 01:58:13.384361,215134758.75194067,11168365.944372863
2021-12-19 01:59:26.695121,214747799.61077836,12007907.193644
2021-12-19 02:08:34.914114,213842019.00199586,11685000.61628741
2021-12-19 02:09:47.565443,215388788.1945265,11597625.924822519
2021-12-19 02:18:55.779818,217791385.90960678,11931219.222359443
2021-12-19 02:20:08.904338,215497885.88910204,10781974.459665257
2021-12-19 02:29:16.648313,216739524.35551012,11530079.71242417
2021-12-19 02:30:30.509787,216370558.82875362,11040643.589832757
2021-12-19 02:39:37.448368,215675419.48987654,11692136.987433111
2021-12-19 02:40:52.308503,213347502.33474585,11557696.423085464
2021-12-19 02:49:58.748944,214009751.67702904,11794848.99400632
2021-12-19 02:51:13.448362,216938982.0925183,11992368.619044125
2021-12-19 03:00:19.671093,215095620.32505357,12061768.729339838
2021-12-19 03:01:34.276870,215458195.86232576,10699028.94214132
2021-12-19 03:10:40.520309,216001123.9745321,11096399.130495777
2021-12-19 03:11:56.372713,215460122.38936916,11277127.545185251
2021-12-19 03:21:02.212151,214355060.1449004,11010035.575818578
2021-12-19 03:22:17.297905,216969305.70440838,11969364.29033959
2021-12-19 03:31:23.527995,189240474.36546502,12195852.623254936
2021-12-19 03:32:38.200852,172981472.29527906,11222086.09796219
2021-12-19 03:41:44.360325,206265084.64548096,12222322.590535617
2021-12-19 03:42:59.592313,210255482.0578337,12211020.2305213
2021-12-19 03:52:05.226274,217080004.79723167,11366147.388506955
2021-12-19 03:53:20.482773,215742215.84844002,11478091.801637065
2021-12-19 04:02:26.705991,214066321.57441512,12038740.393890362
2021-12-19 04:03:42.016142,216264813.1941466,11620931.891372092
2021-12-19 04:12:47.700164,212987355.82897735,11990355.001330096
2021-12-19 04:14:02.876305,215094114.03358543,11365580.927798128
2021-12-19 04:23:08.520341,212287317.63006178,12012692.005141864
2021-12-19 04:24:24.413187,215063873.59280357,12072106.902576087
2021-12-19 04:33:29.440869,214277166.48879468,11570466.429516928
2021-12-19 04:34:45.322468,216821083.86717469,11833027.578001091
2021-12-19 04:43:50.968493,214502755.16480783,11405634.834462129
2021-12-19 04:45:06.286090,214965999.4046668,12000751.913497139
2021-12-19 04:54:12.599090,213780169.88027373,11887655.884433804
2021-12-19 04:55:27.251776,214897007.13858762,11240688.54171895
2021-12-19 05:04:33.576323,214044881.27110794,12017854.56419256
2021-12-19 05:05:48.528310,216865139.90779808,11621159.440612657
2021-12-19 05:14:54.552484,213870408.02684996,11175195.59579424
2021-12-19 05:16:09.571622,216608626.06115237,10826766.957165493
2021-12-19 05:25:16.284745,215157443.30026487,11369250.392720995
2021-12-19 05:26:31.607371,216001699.82073942,10966335.523599388
2021-12-19 05:35:37.775793,214779545.4164017,11548895.241092945
2021-12-19 05:36:53.274224,211446278.43727967,11610101.78645773
2021-12-19 05:45:58.622773,215411965.68344465,11560029.234172085
2021-12-19 05:47:14.159914,214014807.10760525,11290413.01013224
2021-12-19 05:56:20.000444,214025901.91447258,11940217.940438235
2021-12-19 05:57:35.622725,215417049.98923054,11799529.724657973
2021-12-19 06:06:40.934005,215933571.46368724,12090894.74385018
2021-12-19 06:07:56.570564,217841988.45624194,12119857.226262813
2021-12-19 06:17:01.862400,213127809.21808612,10556855.151993578
2021-12-19 06:18:17.423882,216952606.08040735,11964097.965363972
2021-12-19 06:27:24.029062,216160403.6308368,10965362.709991852
2021-12-19 06:28:38.280320,214554760.7944144,12034946.182131741
2021-12-19 06:37:45.448373,215203274.87068075,11394398.791749986
2021-12-19 06:38:59.209600,212473698.47753957,11109933.021959096
2021-12-19 06:48:06.870181,214893508.5177013,11860009.213593442
2021-12-19 06:49:20.997706,180890476.6864612,11009986.182407476
2021-12-19 06:58:27.880915,216279615.98202428,10716183.36309013
2021-12-19 06:59:42.868007,214831990.36174598,11876696.213352112
2021-12-19 07:08:49.781000,216266838.42837405,11615589.208718147
2021-12-19 07:10:03.725174,216828608.31543234,12083119.369706454
2021-12-19 07:19:10.948803,215638485.17569527,11271824.45173477
2021-12-19 07:20:24.565660,216178850.97469795,12135534.017499067
2021-12-19 07:29:32.565168,216004205.08902773,12244441.544050733
2021-12-19 07:30:45.521110,214271402.08183542,11936988.0405993
2021-12-19 07:39:53.451194,214796865.5134875,11719292.938730888
2021-12-19 07:41:06.372714,215649847.21797517,12090667.481144765
2021-12-19 07:50:14.372744,211067746.29437742,11442281.960385546
2021-12-19 07:51:27.112298,215213364.3357891,11163860.423048731
2021-12-19 08:00:35.289597,213020673.03517982,12105984.78732423
2021-12-19 08:01:48.812718,216047342.1998821,11944357.691446004
2021-12-19 08:10:56.128143,213492849.82256997,11892647.175485795
2021-12-19 08:12:09.746393,216038282.38217223,12050412.640742728
2021-12-19 08:21:17.060010,114990213.98235309,11982105.741328275
2021-12-19 08:22:30.624903,183972310.21659482,12089813.231007397
2021-12-19 08:31:37.864341,189004284.47828597,11280662.481468989
2021-12-19 08:32:51.484745,197251953.04871377,11127113.278161326
2021-12-19 08:41:58.903200,199081493.44343776,11473277.2923409
2021-12-19 08:43:12.284463,168506843.38966018,12002117.2599944
2021-12-19 08:52:19.728319,173968071.5646524,11733700.540109137
2021-12-19 08:53:33.174091,165141157.31514075,9975873.797337731
2021-12-19 09:02:40.800391,176513437.78856176,11527310.120713994
2021-12-19 09:03:55.257626,193933844.67023265,12012934.301681982
2021-12-19 09:13:01.737230,211605677.23609418,11683640.4318451
2021-12-19 09:14:16.141873,200950218.15107825,10634159.399172992
2021-12-19 09:23:22.740320,183630068.02893108,11593456.78100259
2021-12-19 09:24:37.576330,180655856.7641904,10439929.581555583
2021-12-19 09:33:43.576319,187094086.95075873,11546848.338516425
2021-12-19 09:34:58.793456,196951375.18249857,11931144.772209061
2021-12-19 09:44:04.512329,187554612.2295826,11466022.972208539
2021-12-19 09:45:19.708134,180126698.46065167,11281545.855092723
2021-12-19 09:54:25.422945,162737856.46166405,10838617.560430754
2021-12-19 09:55:41.160325,181961948.97038892,11318968.096075702
2021-12-19 10:04:47.172055,186844232.41344973,11536280.151680265
2021-12-19 10:06:02.117860,184529711.469396,10938815.2554513
2021-12-19 10:55:16.418758,180097280.28430662,10299395.582372434
2021-12-19 10:56:40.945469,164807604.17023158,10662704.220601404
2021-12-19 11:07:02.914363,179745120.14912778,10496394.727662457
2021-12-19 11:17:24.069625,179695877.13462627,11735496.661386466
2021-12-19 11:27:45.071503,171780769.02568763,10168105.699937122
2021-12-19 11:38:07.565787,180026086.42613596,10216424.060024152
2021-12-19 11:48:29.819084,182626596.26298183,10290444.197284415
2021-12-19 11:58:52.333057,181110255.7170796,11530537.916169157
2021-12-19 12:09:13.232290,173345355.03948128,10118727.004395826
2021-12-19 12:19:35.301445,191877815.71345735,12044436.558109615
2021-12-19 12:29:56.353838,195745165.03943506,11142663.07487067
2021-12-19 12:40:18.030562,193674537.67568305,11292221.632869152
2021-12-19 12:50:39.075897,194079214.7986689,11013677.907237481
2021-12-19 13:01:00.816303,194387517.73207292,10844416.068610411
2021-12-19 13:11:23.385540,193235065.85894272,10564188.331528371
2021-12-19 13:21:45.599876,196938087.94916844,12450061.816578543
2021-12-19 13:32:06.608302,189960712.57098654,11720240.433111722
2021-12-19 13:42:27.664298,194392541.34632373,11477666.535413742
2021-12-19 13:52:49.404814,190356106.4335329,10840090.676416723
2021-12-19 14:03:11.290147,187347159.47285798,11108727.064284828
2021-12-19 14:13:33.190452,191246869.9804849,10874349.353357527
2021-12-19 14:23:54.961377,200685599.6629775,11477157.532332277
2021-12-19 14:34:16.016278,194578879.25527865,12073537.424466442
2021-12-19 14:44:37.007355,192951792.74561635,10770266.210359013
2021-12-19 14:54:59.440311,189756283.6953402,12381839.826726437
2021-12-19 15:05:20.490886,193605295.73473164,11035970.118982028
2021-12-19 15:15:42.391682,196362354.55979034,11568464.574657261
2021-12-19 15:26:03.368317,183468325.7525601,10672005.4510175
2021-12-19 15:36:25.584288,188594314.1031895,10922803.00597498
2021-12-19 15:46:47.951996,195414099.9946109,11534152.617953878
2021-12-19 15:57:09.035343,191123293.66281962,11410951.309043972
2021-12-19 16:07:30.610529,190697700.7909866,11694411.815561902
2021-12-19 16:17:51.866354,194085566.5010734,11036518.786287911
2021-12-19 16:28:13.822627,195105950.2496785,12342681.361832727
2021-12-19 16:38:34.842665,29530400.967787713,10794118.53334825
2021-12-19 16:48:56.971232,190689273.55335656,12499647.700438982
2021-12-19 16:59:18.056043,193740565.76012582,10940186.982730942
2021-12-19 17:09:40.112306,194393435.6985944,11234535.984307304
2021-12-19 17:20:01.808320,193752929.44321373,10582883.886833303
2021-12-19 17:30:23.664315,190400745.03022602,6638322.416347637
2021-12-19 17:40:46.008135,195971579.29702058,12085726.405253435
2021-12-19 17:51:07.080025,189672419.0502645,11504004.73033789
2021-12-19 18:01:28.110199,191546900.78771955,11207045.450061366
2021-12-19 18:11:49.744332,190567583.0530939,12375221.242998987
2021-12-19 18:22:10.798517,187660123.26053706,12142775.707214924
2021-12-19 18:32:31.834821,192541556.55125147,11068772.922694912
2021-12-19 18:42:52.752327,184802378.37391737,10903018.171046121
2021-12-19 18:53:13.764844,187301953.28353533,9606743.119585793
2021-12-19 19:03:36.049768,186513170.5754377,10094190.982983494
2021-12-19 19:13:58.199689,194094726.18880603,10890481.690120883
2021-12-19 19:24:19.195290,194471134.04465297,11005434.018398805
2021-12-19 19:34:41.264302,172297256.11088645,10539898.45522186
2021-12-19 19:45:03.056302,198595862.84715334,11851829.02231683
2021-12-19 19:55:24.222151,183677893.36957863,10835573.901978733
2021-12-19 20:05:45.232305,174890177.6834865,11156004.396685036
2021-12-19 20:16:06.209687,169738770.92290407,10350759.965022635
2021-12-19 20:26:28.056145,173594698.95409435,11977035.587731477
2021-12-19 20:36:49.062903,175183789.3463602,10189225.605696581
2021-12-19 20:47:11.102376,175172897.18966326,10513972.402292745
2021-12-19 20:57:33.167259,192018761.0500859,11256645.545944354
2021-12-19 21:07:54.852030,168743219.12760028,10530576.898559583
2021-12-19 21:18:16.880972,180116888.40090996,10006953.529310193
2021-12-19 21:28:39.256273,173284821.02483886,9910631.51244429
2021-12-19 21:39:01.413130,175457886.01978424,10481847.319750974
2021-12-19 21:49:23.967115,175955225.3947938,9439627.56621621
2021-12-19 21:59:46.669173,171145323.71624562,11132037.695151512
2021-12-19 22:10:08.065956,192940540.31989476,11039297.43401521
2021-12-19 22:20:29.872296,189758818.0760567,11348159.538639905
2021-12-19 22:30:50.890782,188612988.51583484,10583017.23577763
2021-12-19 22:41:13.238669,192076593.64331916,10550417.371524392
2021-12-19 22:51:35.494210,196315248.36933637,10732842.498852035
2021-12-19 23:01:57.509326,194345679.7295524,11047183.427778741
2021-12-19 23:12:19.500271,192703326.60696298,11028236.00662475
2021-12-19 23:22:41.261865,195698428.86877802,11416628.002683451
2021-12-19 23:33:03.022432,195627597.9532195,11226050.883187339
2021-12-19 23:43:24.632240,197592671.88703427,12321237.193621932
2021-12-19 23:53:45.551873,190326957.9339405,12017442.35703867
2021-12-20 00:04:06.600714,190942384.8272028,10862269.76914817
2021-12-20 00:14:28.364343,193761124.484329,11581537.302964328
2021-12-20 00:24:49.962356,196104457.1035994,12002483.255311873
2021-12-20 00:35:10.932615,194106963.740161,11362898.87523977
2021-12-20 00:45:32.464321,192126820.68009722,11174416.370058414
2021-12-20 00:55:54.180470,189990430.2422136,11093560.946659211
2021-12-20 01:06:16.451420,193905309.224243,10856879.978095094
2021-12-20 01:16:38.512308,193332557.58835962,11270414.640109962
2021-12-20 01:27:00.048267,185797931.57845604,10481838.491438301
2021-12-20 01:37:22.288290,192684254.3363881,10860751.016866444
2021-12-20 01:47:44.118222,187857866.58598724,10686720.312372977
2021-12-20 01:58:06.257954,194839217.9787031,11512667.648305232
2021-12-20 02:08:27.363431,188732164.53183725,11857769.393451875
2021-12-20 02:18:48.336302,194038034.6589569,11686876.517129676
2021-12-20 02:29:09.656786,193130893.36263284,11511106.569863215
2021-12-20 02:39:30.976724,195391507.96161416,11142400.647506965
2021-12-20 02:49:52.880519,193417431.51839152,12129134.481409905
2021-12-20 03:00:13.815852,197653896.1475716,12353655.554193476
2021-12-20 03:10:34.756779,192998336.73129883,11442602.710415773
2021-12-20 03:20:56.212262,189763331.33002716,11398474.522966828
2021-12-20 03:31:18.160294,195115590.656724,10975613.736112501
2021-12-20 03:41:40.008342,192951533.21579683,12077013.502068745
2021-12-20 03:52:01.067834,188297463.9691415,12044638.50588274
2021-12-20 04:02:22.160229,103848947.4851127,11224905.530515853
2021-12-20 04:12:43.922898,191246384.36805758,10634921.879390566
2021-12-20 04:23:06.128236,194361195.390221,10451891.000071816
2021-12-20 04:33:28.218726,189911813.58253568,11380814.997147638
2021-12-20 04:43:49.952299,197521042.5591617,12398072.238441866
2021-12-20 04:54:10.992284,195329899.4936642,11144601.687171027
2021-12-20 05:04:32.859145,192616995.5483297,11476215.593925314
2021-12-20 05:14:54.272351,190179515.17080805,10476846.292606177
2021-12-20 05:25:16.408794,190320336.74107504,11170957.161793547
2021-12-20 05:35:38.385901,190263878.5666761,10637579.17734289
2021-12-20 05:46:00.024316,194814383.82019848,10909109.7222234
2021-12-20 05:56:22.722597,192938030.60603198,11080083.418122122
2021-12-20 06:06:44.315899,192024355.774937,12125699.830989206
2021-12-20 06:17:05.397654,193691113.8369198,11061383.449102122
2021-12-20 06:27:27.280312,194863062.80358696,11826367.849103123
2021-12-20 06:37:48.329220,193581255.71424794,11525854.922524756
2021-12-20 06:48:09.840319,194406171.48655388,11231696.953604024
2021-12-20 06:58:31.158924,192012131.44038466,11617066.4431279
2021-12-20 07:08:52.368289,192446858.57213923,11935343.62732286
2021-12-20 07:19:13.296315,192476353.26699883,11059872.867030391
2021-12-20 07:29:35.134201,188866801.22832873,11665588.833374556
2021-12-20 07:39:56.381404,197718464.70819753,11051067.434410086
2021-12-20 07:50:18.023040,197557180.27763572,11738342.435585005
2021-12-20 08:00:39.056314,193240295.68900588,12509631.549189754
2021-12-20 08:11:00.024310,196488518.7273569,10708547.211174328
2021-12-20 08:21:21.840288,192505047.40150484,11888235.132718863
2021-12-20 08:31:43.300027,193990761.50042573,12089778.905760162
2021-12-20 08:42:04.316712,196297614.42424527,11110553.551024154
2021-12-20 08:52:26.277927,193336837.67319572,11512468.9828354
2021-12-20 09:02:47.894333,196685905.44180524,11117628.393830795
2021-12-20 09:13:09.816265,191005872.78964913,11010965.512258247
2021-12-20 09:23:31.791318,190968152.41766852,11364875.507957954
2021-12-20 09:33:53.584008,194586619.10842216,11570302.179646472
2021-12-20 09:44:14.896341,194684897.6795421,11249754.736986011
2021-12-20 09:54:36.425213,193876041.19385114,10476959.806722254
2021-12-20 10:04:59.088307,192874347.79473466,11194722.106985677
2021-12-20 10:15:20.496314,191883233.1677115,11540484.899277994
2021-12-20 10:25:42.018637,183353919.35161817,10806668.835044382
2021-12-20 10:36:04.272304,192782929.72870484,11522953.107797893
2021-12-20 10:46:26.192341,197953127.9549761,11287018.314418256
2021-12-20 10:56:47.924681,191633196.97786322,10737315.685948802
2021-12-20 11:07:10.064229,197077275.70061174,11892595.41135291
2021-12-20 11:17:31.066662,195577327.57116804,10930856.57467742
2021-12-20 11:27:53.065793,192669897.79541558,10785579.542516707
2021-12-20 11:38:15.223952,196871781.695012,11524840.712044735
2021-12-20 11:48:36.636310,194991199.26719794,11828054.15144185
2021-12-20 11:58:58.233212,199596304.98403314,11613505.993316898
2021-12-20 12:09:19.389528,194340219.22341758,10996008.02465658
2021-12-20 12:19:41.328003,196832359.38737732,11936519.421040123
2021-12-20 12:30:02.362417,195113398.5777316,10833150.622616215
2021-12-20 12:40:24.065803,196012264.15773815,11949980.181692868
2021-12-20 12:50:45.104304,193494017.34515145,11092953.9296977
2021-12-20 13:01:07.065806,194896937.9566925,10490968.02674638
2021-12-20 13:11:28.851280,193187467.98077402,11142971.093400707
2021-12-20 13:21:50.770571,194022401.07602668,12079847.106859636
2021-12-20 13:32:11.808429,193748748.1422296,12602495.295681996
2021-12-20 13:42:32.758532,196863765.70302713,11577401.42502988
2021-12-20 13:52:54.448343,194243056.6823861,12118187.720837105
2021-12-20 14:03:15.376282,195039123.8524006,11454982.32867052
2021-12-20 14:13:37.329608,192632141.03577468,11157140.428452251
2021-12-20 14:23:59.213755,195942004.073726,10926217.970741984
2021-12-20 14:34:21.061282,195248026.32097843,11273721.33679471
2021-12-20 14:44:42.819296,193646918.17998955,11924219.048696132
2021-12-20 14:55:04.122696,193617484.5029794,11027199.496162493
2021-12-20 15:05:26.186748,193312071.35495678,12057618.712682443
2021-12-20 15:15:47.232729,190412589.9864235,11967794.869245594
2021-12-20 15:26:08.208312,192424337.97931945,10879737.987342644
2021-12-20 15:36:30.157881,194743595.33741987,11709806.944310252
2021-12-20 15:46:51.235931,198218083.84437376,10912308.10738418
2021-12-20 15:57:12.916973,194778781.5978063,10849560.654897168
2021-12-20 16:07:34.932350,191104338.99982905,11368541.907766715
2021-12-20 16:17:56.864297,193769315.6904511,10999018.334920311
2021-12-20 16:28:18.800333,146977615.09941486,10076427.39335694
2021-12-20 16:38:40.565821,195857872.58435306,10928531.155257884
2021-12-20 16:49:02.832327,195565341.42939228,12510159.043773916
2021-12-20 16:59:23.792299,163067001.7812979,11004692.209512174
2021-12-20 17:09:45.936300,193743901.92280537,11364642.766870411
2021-12-20 17:20:06.877721,197574828.46961135,11028773.210692588
2021-12-20 17:30:28.784300,197544202.27912998,11520489.680277273
2021-12-20 17:40:49.872118,189005536.72152296,10503044.332982954
2021-12-20 17:51:12.139913,189580816.29487687,12244024.310321996
2021-12-20 18:01:33.148683,193803947.93016282,10784046.352662653
2021-12-20 18:11:54.930362,188907774.88658583,11488284.545012878
2021-12-20 18:22:16.240320,191885304.39360753,11350307.392716747
2021-12-20 18:32:37.866261,194444745.32540366,12330467.676888596
2021-12-20 18:42:58.953717,191583646.5423819,11384963.13365041
2021-12-20 18:53:20.240315,195862662.26042968,11604389.422156323
2021-12-20 19:03:41.256117,194178519.10046753,11475867.785035852
2021-12-20 19:14:02.894282,195823401.92805073,11581904.75729516
2021-12-20 19:24:24.464346,195329763.5623954,12273094.545996098
2021-12-20 19:34:45.584319,195449447.89038542,11459613.032254362
2021-12-20 19:45:07.114819,179599656.5049752,12371887.758361777
2021-12-20 19:55:28.048323,195120000.1472204,11162578.332499843
2021-12-20 20:05:49.931436,193349944.27254838,12074677.044755151
2021-12-20 20:16:10.920635,190852002.49490765,10436561.280664442
2021-12-20 20:26:33.910691,193636852.96429068,12210647.601519054
2021-12-20 20:36:54.901291,193231810.4361722,10769401.578750076
2021-12-20 20:47:16.636288,193711381.91090226,12103656.80460593
2021-12-20 20:57:37.626693,191836052.20387477,12026316.014701404
2021-12-20 21:07:58.704301,195385042.09272704,11031056.693184635
2021-12-20 21:18:20.792390,194033193.57678813,11360460.299857486
2021-12-20 21:28:42.467368,192576744.81486624,12383220.10798039
2021-12-20 21:39:03.518113,195754666.34780243,10802224.79776883
2021-12-20 21:49:25.968323,194527857.09811947,12087984.584417133
2021-12-20 21:59:47.065828,195687035.33850062,11328137.670965161
2021-12-20 22:10:08.568119,195868001.1219344,10852822.776003376
2021-12-20 22:20:30.832275,192066110.4659014,12010548.58472227
2021-12-20 22:30:51.827896,187188637.4152211,10492343.827559743
2021-12-20 22:41:14.096248,187596796.01992074,12146948.634214617
2021-12-20 22:51:35.097874,193162312.93988413,12690942.812737057
2021-12-20 23:01:56.143470,193358879.11231858,11066863.566406803
2021-12-20 23:12:18.288274,188560851.16284314,11554411.209747562
2021-12-20 23:22:40.208296,190891887.24149215,11492192.06603747
2021-12-20 23:33:01.520282,191685966.77091053,11347011.820941513
2021-12-20 23:43:23.216323,194878446.5807303,11230432.403158339
2021-12-20 23:53:44.930853,194280273.18085966,10726487.334989758
2021-12-21 00:04:06.815890,197888965.31035012,10846293.159859946
2021-12-21 00:14:28.647512,193887472.1057516,11096189.917400796
2021-12-21 00:24:51.088299,198475416.2364343,12204547.209509453
2021-12-21 00:35:12.109967,196217058.23810837,12101183.42591444
2021-12-21 00:45:33.172843,194791926.25028548,12140292.81427287
2021-12-21 00:55:54.232285,195519741.88979128,10842880.93120424
2021-12-21 01:06:16.240278,192707139.82174632,12476972.409836167
2021-12-21 01:16:37.315538,192418292.35730532,12291017.189465469
2021-12-21 01:26:58.260984,194850311.74840158,10673981.342458794
2021-12-21 01:37:20.289735,194959468.48514938,11341103.01949531
2021-12-21 01:47:42.286618,198164269.79680103,12018421.545437748
2021-12-21 01:58:03.346872,197102066.3207221,10868375.842738338
2021-12-21 02:08:25.139002,192437800.9780309,11982996.299416447
2021-12-21 02:18:46.128778,195351300.39052936,11971286.659269266
2021-12-21 02:29:07.184141,194260389.79635924,11820262.834747218
2021-12-21 02:39:28.245179,194711359.0832481,12117055.126300907
2021-12-21 02:49:49.290908,192720816.4475505,11621401.371008858
2021-12-21 03:00:10.928017,189745482.10113996,11822360.670340972
2021-12-21 03:10:32.069927,193765096.8362024,12586510.23805886
2021-12-21 03:20:53.040299,197153744.2862737,11692476.99488381
2021-12-21 03:31:14.567447,193331450.47884578,11981723.24008853
2021-12-21 03:41:35.573808,192930168.99486163,10775928.003591878
2021-12-21 03:51:57.456251,188876854.06831473,12005866.938730273
2021-12-21 04:02:18.552329,158781951.0779063,11369024.18346074
2021-12-21 04:12:39.556322,194215382.48591316,12085355.311983135
2021-12-21 04:23:00.565803,192456905.46422827,12341942.732056314
2021-12-21 04:33:21.514658,194607848.90686786,10791683.142983045
2021-12-21 04:43:43.395300,196050135.7029333,11377349.505985234
2021-12-21 04:54:04.400300,190353073.2787533,11100072.77771583
2021-12-21 05:04:25.456316,193241649.45477927,11163857.556569302
2021-12-21 05:14:47.265488,193880904.59611216,12338105.160527581
2021-12-21 05:25:08.305380,194162654.6799044,11638800.355763081
2021-12-21 05:35:29.312234,195114242.15490264,10845123.501481937
2021-12-21 05:45:51.238710,198184453.87915826,12232752.37418421
2021-12-21 05:56:12.245493,195588979.34887686,10778697.608019425
2021-12-21 06:06:34.352298,195112381.050056,11963566.515220148
2021-12-21 06:16:55.368427,197500025.28184032,11920778.444344655
2021-12-21 06:27:16.346948,192265768.1057115,10776351.973676905
2021-12-21 06:37:38.517372,190512836.71520922,10965153.999098053
2021-12-21 06:48:00.473651,192792729.7314503,10808363.011376055
2021-12-21 06:58:22.896292,195839718.79025486,11932471.389128683
2021-12-21 07:08:43.916219,192334150.78927755,12153097.44091333
2021-12-21 07:19:04.944316,193108561.91228577,11218159.745260073
2021-12-21 07:29:26.870962,191803621.5007803,6167929.4765322795
2021-12-21 07:39:57.076327,189906106.0699935,11770504.57067089
2021-12-21 07:50:18.129491,186322909.6947374,12008627.2136834
2021-12-21 08:00:38.996464,194174447.95936564,11576692.524800602
2021-12-21 08:11:00.024316,191186803.15835047,11681633.080950225
2021-12-21 08:21:21.091151,192824163.5019048,11516260.516497767
2021-12-21 08:31:42.768961,195823193.49362475,10964045.04882992
2021-12-21 08:42:04.464340,193116212.17930606,11101975.66980173
2021-12-21 08:52:26.701766,191247184.84894627,10760627.273808539
2021-12-21 09:02:48.636298,193446611.88462797,12508762.868803814
2021-12-21 09:13:09.633088,192431643.00457585,11426063.444643158
2021-12-21 09:23:30.670094,192498880.51443887,10856134.30855153
2021-12-21 09:33:52.656294,195236496.37000337,10956198.560694281
2021-12-21 09:44:14.632312,196150688.10650736,10941461.73099921
2021-12-21 09:54:36.664389,198235559.25773877,11134564.440717546
2021-12-21 10:04:58.529254,193401110.6215349,10725039.877981164
2021-12-21 10:15:20.400305,194492006.40628478,11083012.469644628
2021-12-21 10:25:42.281831,196431343.81020948,11573936.908772122
2021-12-21 10:36:03.330302,195502219.54679847,10645415.494378237
2021-12-21 10:46:25.168345,196610992.11500618,10795046.039592912
2021-12-21 10:56:46.833157,192754886.38387573,12423668.937185911
2021-12-21 11:07:07.906873,191189402.59204116,11247475.282421697
2021-12-21 11:17:29.436309,194664865.996352,11248873.050423348
2021-12-21 11:27:51.056312,196168302.2073613,11945037.71464978
2021-12-21 11:38:12.101717,191329973.79330552,11045188.098951159
2021-12-21 11:48:34.041523,189950112.6957582,10944150.327497909
2021-12-21 11:58:55.793648,193599919.85278013,12296657.962874293
2021-12-21 12:09:16.812900,184843199.7643036,12077594.1542879
2021-12-21 12:19:37.927240,194279120.66154262,11128872.413041001
2021-12-21 12:29:59.602324,189003079.88011393,12202440.397503715
2021-12-21 12:40:20.514164,195102179.002026,10819657.342458874
2021-12-21 12:50:42.896298,189756508.4881078,11491545.863582171
2021-12-21 13:01:04.390337,191137556.46833748,11033072.958253572
2021-12-21 13:11:26.410938,194314471.686736,12265837.366433982
2021-12-21 13:21:47.408299,186614801.64139077,10352685.333800133
2021-12-21 13:32:09.456334,191370886.03270793,11249195.729144333
2021-12-21 13:42:31.024302,192743448.9866503,10974732.192232411
2021-12-21 13:52:52.891887,189105675.83089355,10622615.802432477
2021-12-21 14:03:14.672286,189058565.10473952,10409084.174675088
2021-12-21 14:13:36.772402,192856659.7965204,11810955.450799007
2021-12-21 14:23:57.964945,194092286.2167369,11178393.611357292
2021-12-21 14:34:19.734043,188983689.82286987,10863937.785569575
2021-12-21 14:44:41.918667,192613432.2784764,11991158.050158476
2021-12-21 14:55:02.987190,191857888.9453403,11242999.74531098
2021-12-21 15:05:24.885067,195386773.7533526,12054319.434157878
2021-12-21 15:15:45.884729,193588841.58812752,11515471.662115965
2021-12-21 15:26:07.059823,196036150.0012055,11554847.712189669
2021-12-21 15:36:28.572783,195072724.52974674,11983045.323842354
2021-12-21 15:46:49.616303,187731429.01995835,12095062.583386257
2021-12-21 15:57:10.662677,194555908.44952267,11330312.639962107
2021-12-21 16:07:31.664281,194384390.8434345,10935102.738102488
2021-12-21 16:17:53.644372,193236226.0994701,11705672.760568859
2021-12-21 16:28:14.952534,191447134.88869733,11385504.280467093
2021-12-21 16:38:36.977203,194233613.23462707,10733501.172204707
2021-12-21 16:48:59.065787,191821926.78473857,11306316.624261426
2021-12-21 16:59:20.572963,194064510.74576765,12014518.006527685
2021-12-21 17:09:41.595602,194608980.55095553,11753542.877875557
2021-12-21 17:20:02.676339,191852992.311928,10036559.391806187
2021-12-21 17:30:24.632306,188441281.15137112,11845587.900021221
2021-12-21 17:40:45.683438,190539953.75445068,11110077.855521083
2021-12-21 17:51:07.005978,190260718.87854192,11516093.56659935
2021-12-21 18:01:28.336321,193201554.6407348,11202789.773933543
2021-12-21 18:11:49.978680,192374227.22928336,11631872.23107726
2021-12-21 18:22:11.751132,195216597.29076764,12049872.777864812
2021-12-21 18:32:32.744315,196204579.85944423,11059093.306369651
2021-12-21 18:42:54.385603,197483400.8309517,12155060.501986861
2021-12-21 18:53:15.316355,182433521.05868363,11579007.991532942
2021-12-21 19:03:36.304307,191194613.95576763,11891378.349432161
2021-12-21 19:13:57.316525,187024463.58925107,10664143.122544717
2021-12-21 19:24:19.216307,191721852.948295,11618129.68536061
2021-12-21 19:34:40.264420,190371400.69293547,11167485.864374733
2021-12-21 19:45:01.982184,195723236.87646145,11734698.281906212
2021-12-21 19:55:22.864325,190340880.91511154,11903184.266140344
2021-12-21 20:05:43.916475,196193804.57679608,11229505.600904377
2021-12-21 20:16:05.635530,191579977.57705137,11950008.034978954
2021-12-21 20:26:26.608301,194207588.14629215,11480547.976343736
2021-12-21 20:36:47.827747,189108546.55621776,11980886.559370564
2021-12-21 20:47:08.848302,194622580.5111013,11089657.130162444
2021-12-21 20:57:30.160314,186144709.6300309,11610876.85810973
2021-12-21 21:07:51.792210,191392593.79870853,11399673.325831145
2021-12-21 21:18:13.175790,197280837.66309333,10647147.26239556
2021-12-21 21:28:34.861614,193638100.70847026,11143987.882722488
2021-12-21 21:38:56.764803,191687500.85452253,11589494.020773498
2021-12-21 21:49:17.656315,194823601.55665374,10692471.414663104
2021-12-21 21:59:39.450754,190338794.4499248,11352564.977010453
2021-12-21 22:10:00.432787,195682903.83385888,11914652.218207292
2021-12-21 22:20:21.584292,190161036.65861621,11758752.693396142
2021-12-21 22:30:42.564208,187928442.91845778,11753198.973036049
2021-12-21 22:41:03.565781,190543214.86608717,11828116.803362697
2021-12-21 22:51:24.513573,185043068.70844257,11694850.532185696
2021-12-21 23:01:45.456326,192948526.62586898,10667268.561962944
2021-12-21 23:12:07.648040,187445715.7696661,12065230.107039701
2021-12-21 23:22:28.635996,191720190.58138153,11188862.349830115
2021-12-21 23:32:50.160365,184148064.34113654,10406294.814195987
2021-12-21 23:43:12.048312,189642934.9633123,10614188.51917126
2021-12-21 23:53:33.819255,191843564.13566875,11476508.759784672
2021-12-22 00:03:54.886971,189724251.53920543,12099065.60732888
2021-12-22 00:14:15.952879,194020647.18694463,11786583.1721559
2021-12-22 00:24:36.976320,189008065.88223463,10959591.58337989
2021-12-22 00:34:58.726129,189288273.64165086,12504478.458674673
2021-12-22 00:45:19.664292,193446956.2861244,11461195.187628772
2021-12-22 00:55:40.772778,186960276.4297397,11837669.619601803
2021-12-22 01:06:01.800064,193898446.14514548,11491295.25509341
2021-12-22 01:16:23.336093,193547785.43924424,11591630.561900705
2021-12-22 01:26:44.304299,186117699.5491431,11950858.515434632
2021-12-22 01:37:05.294551,188927436.22435635,11991990.806184007
2021-12-22 01:47:26.224376,191419262.03564885,11054618.703618048
2021-12-22 01:57:48.022973,193877294.8397163,12005059.224069111
2021-12-22 02:08:09.070030,198069151.37816077,12181143.85884314
2021-12-22 02:18:29.904367,192025610.19476944,10721757.022719292
2021-12-22 02:28:51.933787,193998741.2566015,11396225.038157048
2021-12-22 02:39:13.644303,193642068.33041075,10987297.221934162
2021-12-22 02:49:35.481807,194657571.75588062,12062607.330085432
2021-12-22 02:59:56.453825,194332936.9620031,11687449.502191871
2021-12-22 03:10:17.318670,194018233.104447,11079833.715886055
2021-12-22 03:20:39.248294,192798718.12711942,11426143.197751433
2021-12-22 03:31:01.340018,194561540.40139428,12465088.129176963
2021-12-22 03:41:22.320309,187220052.2687289,10828845.902254121
2021-12-22 03:51:44.464016,187865850.55470917,11427172.87379518
2021-12-22 04:02:05.808332,188651061.34116304,10121351.035775758
2021-12-22 04:12:27.067773,189993144.9160027,10788973.173307726
2021-12-22 04:22:49.146743,191194614.5339686,11652296.00513749
2021-12-22 04:33:10.080990,194158217.8200947,10915474.348519957
2021-12-22 04:43:31.728288,185020425.4990088,12027843.267665701
2021-12-22 04:53:52.703764,190137311.18308592,11479103.958921602
2021-12-22 05:04:14.192449,194492333.43682143,11043736.110492956
2021-12-22 05:14:36.155600,192662766.51044515,11758847.532916436
2021-12-22 05:24:57.605287,194009900.14911819,10732355.788966106
2021-12-22 05:35:20.368644,193862133.5914158,11966250.658054061
2021-12-22 05:45:41.450982,192631346.47482646,12409756.94657153
2021-12-22 05:56:02.507990,196813130.61601293,11024098.501669992
2021-12-22 06:06:24.065799,193162454.4672546,11582981.917592678
2021-12-22 06:16:45.509574,194184194.7175226,11150242.305747636
2021-12-22 06:27:07.065806,196305448.36075363,12493789.70423061
2021-12-22 06:37:28.012221,193902123.83894324,12496164.947570037
2021-12-22 06:47:49.054613,193647636.1047178,11039548.84215714
2021-12-22 06:58:10.683254,189395134.20625776,11787386.514632406
2021-12-22 07:08:31.724394,192955619.14719304,11722934.522011435
2021-12-22 07:18:53.194077,189934769.64693803,10778193.524745282
2021-12-22 07:29:15.260222,196715816.51388413,10645560.393683847
2021-12-22 07:39:37.439943,195341431.6958729,10724692.250036173
2021-12-22 07:49:59.475438,191826943.55517554,10919925.514789753
2021-12-22 08:00:21.135282,192856493.12845126,10860450.748919727
2021-12-22 08:10:43.331001,192555749.55257022,11941591.857418342
2021-12-22 08:21:04.313518,190760088.22521618,12221521.702618573
2021-12-22 08:31:25.368611,190181678.73556805,12007979.433820605
2021-12-22 08:41:46.357653,198427581.95926112,11000928.946778137
2021-12-22 08:52:08.253631,188449398.39054683,11734542.569116011
2021-12-22 09:02:29.611006,191688765.6511972,10571265.912109932
2021-12-22 09:12:51.547298,193094943.50052384,11949286.66240453
2021-12-22 09:23:12.528317,196746046.02269283,11393618.004897103
2021-12-22 09:33:34.320302,195464746.11914322,11782590.272672256
2021-12-22 09:43:55.401665,191507895.93953273,11123350.669946857
2021-12-22 09:54:17.494559,193611531.95648447,10807076.866645379
2021-12-22 10:04:39.836471,189235746.02511263,11669172.014894664
2021-12-22 10:15:00.994043,194541183.21562624,10838086.549674679
2021-12-22 10:25:23.348709,189185597.77519614,12581212.818952957
2021-12-22 10:35:44.395077,189391839.50400987,11132188.182207026
2021-12-22 10:46:06.119421,171481785.7496262,12166337.998299122
2021-12-22 10:56:27.065925,189775270.43599197,11161648.555820635
2021-12-22 11:06:48.632319,159094211.5033954,9804405.157091271
2021-12-22 11:17:11.376609,186707402.84079838,11290624.921519337
2021-12-22 11:27:33.297263,192388052.89099407,10976591.000412045
2021-12-22 11:37:54.804559,193162872.158468,11715666.012743905
2021-12-22 11:48:15.834003,192799620.6319121,11004500.154333968
2021-12-22 11:58:37.565798,185345692.1700929,10995714.552464047
2021-12-22 12:08:59.579291,192410300.03617346,10896254.539289111
2021-12-22 12:19:21.381930,193545978.4116163,10467552.370759431
2021-12-22 12:29:43.229942,191768794.84281963,11985600.617850106
2021-12-22 12:40:04.219486,194212614.4679917,11160977.962493574
2021-12-22 12:50:25.712274,193350486.19528344,11967264.138874084
2021-12-22 13:00:46.717053,193598351.6094881,12228745.170308365
2021-12-22 13:11:07.745715,193616590.21872804,12043814.917241842
2021-12-22 13:21:28.720293,191066532.88714427,10895622.683583112
2021-12-22 13:31:50.504306,189102447.3310242,10751549.766767599
2021-12-22 13:42:12.636305,189437807.06373966,11124191.811439076
2021-12-22 13:52:34.436910,192514028.58447444,12048571.13332229
2021-12-22 14:02:55.458757,193026101.29729304,10982173.25765755
2021-12-22 14:13:17.520306,192957754.9286203,11339537.451284135
2021-12-22 14:23:39.256185,193813932.31333202,11380221.211160861
2021-12-22 14:34:00.919213,193020941.94496933,11210187.376963912
2021-12-22 14:44:22.512237,193383915.58625603,11590300.22628328
2021-12-22 14:54:43.388547,196937575.14004675,9974243.271864627
2021-12-22 15:05:04.528819,195615166.96916214,12101214.856729154
2021-12-22 15:15:25.568871,194064210.1129,11467346.817574905
2021-12-22 15:25:47.088307,190567771.17814434,11285092.49469669
2021-12-22 15:36:09.186305,192850721.68082643,11050334.228561785
2021-12-22 15:46:30.996737,193839666.5668239,11557777.259755652
2021-12-22 15:56:52.016296,188926391.00293308,10943041.866461318
2021-12-22 16:07:14.238394,195435245.37460455,11245730.966616774
2021-12-22 16:17:35.682041,194866315.25146598,10475098.295717308
2021-12-22 16:27:57.904307,186869643.40241024,10859374.150320621
2021-12-22 16:38:19.980991,188656787.3534862,10493979.067791138
2021-12-22 16:48:41.916049,190027905.432139,11187343.72071751
2021-12-22 16:59:03.610426,194216728.38270286,11107172.545313606
2021-12-22 17:09:25.382595,192902057.22281906,12407867.390092995
2021-12-22 17:19:46.436628,192681358.7229226,11208863.41109164
2021-12-22 17:30:08.232524,196965769.63191214,11137400.924523689
2021-12-22 17:40:29.872308,197374718.2519292,12209117.563539198
2021-12-22 17:50:50.736290,192241618.74389502,12068852.836337408
2021-12-22 18:01:11.807255,193827471.25817323,11367129.432345847
2021-12-22 18:11:33.360296,198771893.61309108,11237185.640623719
2021-12-22 18:21:55.290977,194487895.7562,10644430.685910594
2021-12-22 18:32:17.707513,190228311.66763437,12108173.284635585
2021-12-22 18:42:38.976532,195113622.06769133,11687977.474071907
2021-12-22 18:53:00.421525,192780525.4742545,11793831.57217564
2021-12-22 19:03:21.540480,194737039.90030378,10975749.58942558
2021-12-22 19:13:43.557763,194325990.9351395,11200308.339001462
2021-12-22 19:24:05.360301,195740276.64718202,11505174.156601362
2021-12-22 19:34:26.820320,197579658.31333864,12340852.166355088
2021-12-22 19:44:47.807255,193576030.15451595,11013853.045783546
2021-12-22 19:55:09.888783,193030820.59010246,10872574.25428263
2021-12-22 20:05:32.122456,190411922.25410694,11241025.846195908
2021-12-22 20:15:54.065980,190545579.21142346,11505043.156175533
2021-12-22 20:26:15.225333,189604566.82850567,10719539.329094125
2021-12-22 20:36:37.341562,195301550.91151556,12139592.942839477
2021-12-22 20:46:58.352296,191015759.24511966,11108661.23824096
2021-12-22 20:57:20.031458,191734959.1681566,10923659.16757412
2021-12-22 21:07:42.066439,167036145.71591368,10540407.00469072
2021-12-22 21:18:03.809748,185713522.26932958,10980749.223715043
2021-12-22 21:28:25.712312,181673076.58991072,10457971.71643362
2021-12-22 21:38:48.048340,190149602.21974263,12173665.393341023
2021-12-22 21:49:09.092242,188222785.1337818,11086277.410344152
2021-12-22 21:59:30.992460,187702647.83938456,11845044.599609088
2021-12-22 22:09:51.975376,189670253.43688285,10409208.489323359
2021-12-22 22:20:14.189916,190772197.80247822,12318830.55904074
2021-12-22 22:30:35.166716,180963573.8274905,12589304.305915346
2021-12-22 22:40:56.065796,190378639.18609205,10943084.725487463
2021-12-22 22:51:17.872137,196121371.87571156,10376599.126167696
2021-12-22 23:01:39.315841,185713532.2878754,10678757.75253136
2021-12-22 23:12:01.126330,185991339.54822448,11940270.997637905
2021-12-22 23:22:22.031916,131958366.94124202,11300928.386238204
2021-12-22 23:32:43.565829,188214155.65294752,11344789.758975687
2021-12-22 23:43:05.210064,196468556.43306553,11899663.9067343
2021-12-22 23:53:26.159752,191217978.96602944,12051670.943782583
2021-12-23 00:03:47.140358,191865849.99901417,11232538.711073367
2021-12-23 00:14:09.008305,191058947.1034544,11427254.555032939
2021-12-23 00:24:30.857967,194065608.23451382,11054668.38293187
2021-12-23 00:34:52.812545,193553348.42289352,11905156.322283223
2021-12-23 00:45:13.634449,192319235.98384362,10818057.660339173
2021-12-23 00:55:35.967449,187632627.4982484,11632223.407526376
2021-12-23 01:05:57.168305,190346072.22426957,11643145.248937065
2021-12-23 01:16:18.480340,189597928.57703677,11197060.345151987
2021-12-23 01:26:40.182977,182376665.44140163,11823527.2751717
2021-12-23 01:37:01.070628,189454854.67540056,11912864.898354247
2021-12-23 01:47:21.968292,191736780.96076894,12282702.423050838
2021-12-23 01:57:43.013099,191286319.98924428,11691494.121760989
2021-12-23 02:08:04.066435,192189125.04031953,11530203.1446989
2021-12-23 02:18:25.004499,192121532.51553336,10890440.934535274
2021-12-23 02:28:46.951027,190535810.7118993,11095325.678343352
2021-12-23 02:39:08.880305,191967298.39491943,11055619.06305629
2021-12-23 02:49:30.377089,190261775.6068667,11184043.970159367
2021-12-23 02:59:51.888273,190803255.3980184,11576543.845341226
2021-12-23 03:10:13.108494,196027167.17036852,11280340.778268313
2021-12-23 03:20:34.797096,190397593.28635073,11937878.254043287
2021-12-23 03:30:55.847254,194514139.04212987,11001783.490052827
2021-12-23 03:41:17.934676,189032268.72834745,10869702.20122948
2021-12-23 03:51:40.199108,198057302.61438033,10659498.713927379
2021-12-23 04:02:02.106441,195497829.7839412,11936348.790069127
2021-12-23 04:12:23.158118,192244511.10574916,11244887.40669883
2021-12-23 04:22:44.198463,194591146.39432463,11031401.729530336
2021-12-23 04:33:06.192322,193551832.2067712,11078710.587227257
2021-12-23 04:43:28.084360,188073799.74965218,11864228.27478152
2021-12-23 04:53:49.065835,195715120.64154068,11162342.527830565
2021-12-23 05:04:10.894425,192292096.4321166,10718169.250411937
2021-12-23 05:14:33.384266,193711399.9219561,11004833.052417371
2021-12-23 05:24:55.280342,195112852.21732202,11578472.383963844
2021-12-23 05:35:17.172807,194672859.7137525,12363725.417151192
2021-12-23 05:45:38.229259,189972168.40162155,11983001.706783453
2021-12-23 05:55:59.780202,197127070.25692594,11818550.13730914
2021-12-23 06:06:20.667779,192644644.20374888,11117457.952119777
2021-12-23 06:16:42.608318,191662119.73526293,10840240.726654764
2021-12-23 06:27:04.573675,193920738.593953,11908540.382250909
2021-12-23 06:37:25.577461,192527538.8052757,12370248.500575442
2021-12-23 06:47:46.608331,193735453.9391403,11344830.977018405
2021-12-23 06:58:08.496308,191459387.68135735,10608153.551970653
2021-12-23 07:08:30.753343,191188697.56945288,11127879.64774626
2021-12-23 07:18:52.756847,189843679.6634427,11182596.999871485
2021-12-23 07:29:13.936312,194163193.6383633,11768696.409577578
2021-12-23 07:39:35.216327,195906812.32065836,12197400.12774766
2021-12-23 07:49:56.494312,198090111.88877997,10659234.79672334
2021-12-23 08:00:18.565804,195170592.1647111,12261521.45727083
2021-12-23 08:10:39.528067,191283420.22565222,11639141.302694615
2021-12-23 08:21:00.553126,190423594.13066092,11819826.705892209
2021-12-23 08:31:21.456304,192999611.1018412,11947826.13955752
2021-12-23 08:41:42.532525,189311938.59580442,12570233.086547442
2021-12-23 08:52:03.542602,190742073.7991044,12238700.997100959
2021-12-23 09:02:24.596097,193441770.76265362,10023885.386495573
2021-12-23 09:12:45.644308,194060030.95017856,11074508.348106397
2021-12-23 09:23:07.281703,195805276.34506673,11121776.14141731
2021-12-23 09:33:29.188868,192458518.794687,10662368.589913398
2021-12-23 09:43:51.349416,191444223.95379058,11646252.130900303
2021-12-23 09:54:12.276421,182674475.8977914,10885479.350606197
2021-12-23 10:04:34.257335,197254309.70475346,11357942.79631601
2021-12-23 10:14:56.176318,193111110.76592052,10905251.500026755
2021-12-23 10:25:17.990875,197640502.57183465,12177006.715245394
2021-12-23 10:35:38.939377,193305826.88357085,10940465.396227805
2021-12-23 10:46:00.993769,193452826.2007747,11276416.415499229
2021-12-23 10:56:23.027953,192326035.23065978,11073676.90969049
2021-12-23 11:06:44.410791,189261678.58867338,11690037.098380001
2021-12-23 11:17:06.047796,193821088.27684495,11043878.819196664
2021-12-23 11:27:27.989058,194219301.86117992,11661166.375147678
2021-12-23 11:37:49.376724,187915061.47627193,11607053.947804896
2021-12-23 11:48:10.292978,191290661.44163454,12024216.795247443
2021-12-23 11:58:31.287255,192573143.9334084,10523189.621281197
2021-12-23 12:08:53.364943,195326055.14956737,11960899.163787939
2021-12-23 12:19:14.565806,194390594.14962873,10819109.288459616
2021-12-23 12:29:36.160464,189860292.57400987,11055912.680293037
2021-12-23 12:39:57.278188,186744916.50402978,10519227.70927614
2021-12-23 12:50:19.600300,192775413.47179177,11368430.06629854
2021-12-23 13:00:40.771596,193185284.65527776,12029929.077522332
2021-12-23 13:11:01.776310,186641131.4341985,11426685.380890248
2021-12-23 13:21:23.216293,192567267.42084527,11425030.365920365
2021-12-23 13:31:44.368306,193932763.75361854,11180999.04856254
2021-12-23 13:42:06.448325,191761291.04844722,11733817.44875126
2021-12-23 13:52:27.409755,192612212.84675577,10692345.668726629
2021-12-23 14:02:49.786272,194378326.9390706,10950260.630803647
2021-12-23 14:13:11.702477,195643757.48792416,12074502.21395877
2021-12-23 14:23:32.636294,183449765.97827378,11659722.39303243
2021-12-23 14:33:53.584316,193317016.18406856,11428311.346648095
2021-12-23 14:44:14.829975,187409704.06083104,11242896.559999462
2021-12-23 14:54:36.487192,193578790.09593508,11204611.889516206
2021-12-23 15:04:58.365098,196158634.0026166,12388569.949760405
2021-12-23 15:15:19.324108,191668963.17327008,11814233.191677172
2021-12-23 15:25:40.636308,188844136.53312734,12280128.1228496
2021-12-23 15:36:01.584283,189266920.17426735,11104829.63364475
2021-12-23 15:46:23.413507,186619640.94533285,10304904.007880596
2021-12-23 15:56:45.380989,192778141.11908635,10847917.94484422
2021-12-23 16:07:07.573519,185049737.9724098,11425479.027556783
2021-12-23 16:17:28.977180,193116440.96426308,10806084.576223504
2021-12-23 16:27:51.137216,196657543.6215581,11229524.601918975
2021-12-23 16:38:12.857420,187777205.4165371,11237577.974886667
2021-12-23 16:48:34.801390,191592933.43807316,11385526.124408748
2021-12-23 16:58:56.407289,194698475.253906,11660355.292864762
2021-12-23 17:09:17.936295,195228513.23629948,11466364.44903094
2021-12-23 17:19:39.248305,193540892.13783926,10683157.714490987
2021-12-23 17:30:01.323855,193047051.50486445,11194995.556872718
2021-12-23 17:40:23.500355,197021132.89048958,11667866.2222082
2021-12-23 17:50:44.500462,194057971.91581783,11632500.482940849
2021-12-23 18:01:05.487260,191196566.69543797,11535435.366476491
2021-12-23 18:11:26.675479,191112192.89385858,10574960.50421822
2021-12-23 18:21:48.636297,191014439.01175776,11897347.733538132
2021-12-23 18:32:09.584315,187829382.6149168,11856927.797307938
2021-12-23 18:42:30.692766,123430145.83063357,11092620.095921023
2021-12-23 18:52:52.656290,191779389.3044168,11584296.813914234
2021-12-23 19:03:13.822430,189396065.07432625,11974040.268277396
2021-12-23 19:13:34.939902,196674876.4969211,11557340.022677481
2021-12-23 19:23:56.016314,187894318.5625752,11207464.11740597
2021-12-23 19:34:17.849324,194869220.66493818,10794424.49418624
2021-12-23 19:44:39.573053,183558843.24421406,11108748.20164415
2021-12-23 19:55:01.423309,186339466.4314898,12087041.027044741
2021-12-23 20:05:22.236320,190410625.2697001,11067488.585203493
2021-12-23 20:15:44.124167,195524051.29651922,11231412.94573382
2021-12-23 20:26:05.186824,184753884.66228202,11361697.882561669
2021-12-23 20:36:26.744952,191539607.2461716,10625101.699396243
2021-12-23 20:46:49.024574,189100345.27157086,10954952.51460244
2021-12-23 20:57:11.056337,196799778.3253306,11023685.940390026
2021-12-23 21:07:32.577743,195463482.47722676,10981128.696970876
2021-12-23 21:17:54.309858,183290771.3593357,11304891.89863311
2021-12-23 21:28:15.454543,190212689.49211904,12678419.124862934
2021-12-23 21:38:36.464355,170966757.1623487,12181069.116178531
2021-12-23 21:48:57.402147,192464998.88007417,10395602.923191752
2021-12-23 21:59:19.565220,195962693.01213172,10640920.975498702
2021-12-23 22:09:41.522625,192598373.26587477,12385808.761085058
2021-12-23 22:20:02.479953,198310041.77235606,11665787.191104839
2021-12-23 22:30:23.664284,195794617.88334107,10940402.010936802
2021-12-23 22:40:45.663902,191755147.66476083,12392501.697141066
2021-12-23 22:51:06.657184,195874966.45757538,11114331.764162371
2021-12-23 23:01:28.692327,193034191.37923825,11423421.617606685
2021-12-23 23:11:50.120147,193242016.7268212,11626756.737748269
2021-12-23 23:22:11.460706,195009371.09648058,11308288.631147573
2021-12-23 23:32:32.432332,195044996.09428856,12056204.640381148
2021-12-23 23:42:53.434192,191236661.0729256,12385043.181243284
